Time,avg(solution_0),avg(solution_1)
0,0,0
1,-0.000519617,0.00088694
2,-0.00101463,0.00173209
3,-0.00151676,0.0025893
4,-0.00202389,0.00345495
5,-0.00253626,0.00432946
6,-0.00305395,0.00521296
7,-0.00357704,0.0061056
8,-0.00410563,0.00700754
9,-0.0046398,0.00791891
10,-0.00517964,0.00883989
11,-0.00572525,0.0097706
12,-0.00627671,0.0107112
13,-0.00683411,0.0116619
14,-0.00739754,0.0126228
15,-0.0079671,0.013594
16,-0.00854286,0.0145757
17,-0.00912494,0.0155681
18,-0.0097134,0.0165713
19,-0.0103084,0.0175855
20,-0.0109099,0.0186109
21,-0.0115181,0.0196475
22,-0.0121331,0.0206956
23,-0.0127549,0.0217553
24,-0.0133838,0.0228268
25,-0.0140196,0.0239102
26,-0.0146626,0.0250057
27,-0.0153129,0.0261135
28,-0.0159705,0.0272337
29,-0.0166355,0.0283665
30,-0.0173081,0.0295121
31,-0.0179883,0.0306705
32,-0.0186763,0.0318421
33,-0.0193721,0.033027
34,-0.0200758,0.0342253
35,-0.0207876,0.0354372
36,-0.0215075,0.0366629
37,-0.0222357,0.0379026
38,-0.0229722,0.0391564
39,-0.0237172,0.0404245
40,-0.0244708,0.0417071
41,-0.025233,0.0430044
42,-0.026004,0.0443166
43,-0.0267839,0.0456438
44,-0.0275728,0.0469863
45,-0.0283708,0.0483441
46,-0.029178,0.0497176
47,-0.0299946,0.0511069
48,-0.0308206,0.0525121
49,-0.0316561,0.0539336
50,-0.0325014,0.0553714
51,-0.0333564,0.0568258
52,-0.0342213,0.058297
53,-0.0350963,0.0597852
54,-0.0359814,0.0612905
55,-0.0368768,0.0628132
56,-0.0377826,0.0643536
57,-0.0386989,0.0659117
58,-0.0396258,0.0674878
59,-0.0405635,0.0690822
60,-0.041512,0.070695
61,-0.0424716,0.0723264
62,-0.0434424,0.0739767
63,-0.0444244,0.0756461
64,-0.0454178,0.0773349
65,-0.0464228,0.0790431
66,-0.0474394,0.0807711
67,-0.0484679,0.0825192
68,-0.0495083,0.0842874
69,-0.0505608,0.0860762
70,-0.0516255,0.0878856
71,-0.0527025,0.0897159
72,-0.0537921,0.0915675
73,-0.0548944,0.0934404
74,-0.0560094,0.0953351
75,-0.0571374,0.0972516
76,-0.0582784,0.0991903
77,-0.0594328,0.101151
78,-0.0606005,0.103135
79,-0.0617817,0.105142
80,-0.0629767,0.107172
81,-0.0641855,0.109225
82,-0.0654084,0.111303
83,-0.0666454,0.113404
84,-0.0678967,0.115529
85,-0.0691626,0.117679
86,-0.0704431,0.119854
87,-0.0717385,0.122054
88,-0.0730488,0.124279
89,-0.0743743,0.12653
90,-0.0757152,0.128807
91,-0.0770716,0.131111
92,-0.0784437,0.133441
93,-0.0798316,0.135797
94,-0.0812356,0.138181
95,-0.0826558,0.140593
96,-0.0840925,0.143032
97,-0.0855457,0.145499
98,-0.0870157,0.147995
99,-0.0885027,0.150519
100,-0.0900068,0.153073
101,-0.0915284,0.155656
102,-0.0930674,0.158268
103,-0.0946243,0.160911
104,-0.096199,0.163584
105,-0.097792,0.166288
106,-0.0994032,0.169023
107,-0.101033,0.171789
108,-0.102682,0.174587
109,-0.104349,0.177417
110,-0.106036,0.18028
111,-0.107742,0.183176
112,-0.109468,0.186105
113,-0.111214,0.189067
114,-0.11298,0.192064
115,-0.114766,0.195094
116,-0.116572,0.19816
117,-0.1184,0.201261
118,-0.120248,0.204397
119,-0.122118,0.207569
120,-0.124009,0.210778
121,-0.125921,0.214023
122,-0.127856,0.217306
123,-0.129813,0.220626
124,-0.131792,0.223984
125,-0.133794,0.22738
126,-0.135819,0.230816
127,-0.137867,0.23429
128,-0.139939,0.237805
129,-0.142034,0.241359
130,-0.144154,0.244955
131,-0.146297,0.248591
132,-0.148466,0.252269
133,-0.150659,0.255988
134,-0.152877,0.259751
135,-0.15512,0.263556
136,-0.157389,0.267404
137,-0.159684,0.271297
138,-0.162005,0.275234
139,-0.164353,0.279216
140,-0.166727,0.283243
141,-0.169129,0.287316
142,-0.171558,0.291436
143,-0.174015,0.295603
144,-0.1765,0.299817
145,-0.179013,0.304079
146,-0.181555,0.308389
147,-0.184126,0.312749
148,-0.186726,0.317158
149,-0.189356,0.321618
150,-0.192015,0.326128
151,-0.194705,0.330689
152,-0.197426,0.335303
153,-0.200178,0.339969
154,-0.202961,0.344687
155,-0.205776,0.34946
156,-0.208622,0.354287
157,-0.211501,0.359168
158,-0.214413,0.364106
159,-0.217358,0.369099
160,-0.220337,0.374149
161,-0.223349,0.379256
162,-0.226396,0.384421
163,-0.229477,0.389645
164,-0.232593,0.394928
165,-0.235745,0.400271
166,-0.238932,0.405675
167,-0.242156,0.41114
168,-0.245416,0.416667
169,-0.248713,0.422257
170,-0.252048,0.42791
171,-0.255421,0.433627
172,-0.258831,0.439409
173,-0.262281,0.445256
174,-0.26577,0.45117
175,-0.269298,0.457151
176,-0.272866,0.463199
177,-0.276475,0.469316
178,-0.280124,0.475502
179,-0.283815,0.481758
180,-0.287548,0.488085
181,-0.291323,0.494484
182,-0.295141,0.500954
183,-0.299002,0.507498
184,-0.302906,0.514116
185,-0.306855,0.520809
186,-0.310849,0.527578
187,-0.314888,0.534424
188,-0.318972,0.541348
189,-0.323103,0.54835
190,-0.327281,0.555433
191,-0.331506,0.562596
192,-0.335778,0.56984
193,-0.340099,0.577165
194,-0.344469,0.584571
195,-0.348888,0.592059
196,-0.353357,0.599628
197,-0.357877,0.607277
198,-0.362447,0.615008
199,-0.36707,0.62282
200,-0.371744,0.630716
201,-0.376472,0.638698
202,-0.381252,0.646771
203,-0.386087,0.654941
204,-0.390976,0.663216
205,-0.395921,0.671609
206,-0.400921,0.680131
207,-0.405978,0.688797
208,-0.411092,0.697621
209,-0.416264,0.706618
210,-0.421494,0.715796
211,-0.426783,0.725159
212,-0.432131,0.734699
213,-0.437541,0.744396
214,-0.443011,0.754207
215,-0.448542,0.764067
216,-0.454136,0.773875
217,-0.459794,0.783494
218,-0.465515,0.79274
219,-0.4713,0.801378
220,-0.477151,0.80911
221,-0.483067,0.815576
222,-0.489051,0.820343
223,-0.495101,0.822902
224,-0.50122,0.822668
225,-0.507407,0.818975
226,-0.513664,0.811077
227,-0.51999,0.798154
228,-0.526388,0.779314
229,-0.532857,0.753599
230,-0.539399,0.719997
231,-0.546013,0.67745
232,-0.552701,0.624871
233,-0.559463,0.561152
234,-0.566299,0.48519
235,-0.573212,0.395893
236,-0.5802,0.292207
237,-0.587265,0.173128
238,-0.594407,0.037722
239,-0.601628,-0.114856
240,-0.608926,-0.28535
241,-0.616304,-0.474383
242,-0.623762,-0.682451
243,-0.6313,-0.909903
244,-0.638919,-1.15694
245,-0.646619,-1.42361
246,-0.654402,-1.70979
247,-0.662268,-2.01521
248,-0.670217,-2.33943
249,-0.67825,-2.68187
250,-0.686368,-3.04178
251,-0.694572,-3.4183
252,-0.702863,-3.81043
253,-0.71124,-4.21706
254,-0.719706,-4.63699
255,-0.728261,-5.06892
256,-0.736905,-5.51151
257,-0.745641,-5.96335
258,-0.754468,-6.42302
259,-0.763388,-6.88909
260,-0.772402,-7.36011
261,-0.78151,-7.83467
262,-0.790715,-8.3114
263,-0.800016,-8.78897
264,-0.809416,-9.2661
265,-0.818916,-9.74161
266,-0.828516,-10.2144
267,-0.838218,-10.6834
268,-0.848024,-11.1477
269,-0.857934,-11.6065
270,-0.867951,-12.0591
271,-0.878075,-12.5048
272,-0.888307,-12.9431
273,-0.89865,-13.3736
274,-0.909105,-13.796
275,-0.919673,-14.21
276,-0.930355,-14.6155
277,-0.941154,-15.0125
278,-0.95207,-15.401
279,-0.963106,-15.781
280,-0.974262,-16.1528
281,-0.98554,-16.5166
282,-0.996943,-16.8726
283,-1.00847,-17.2212
284,-1.02012,-17.5627
285,-1.03191,-17.8975
286,-1.04382,-18.226
287,-1.05587,-18.5488
288,-1.06805,-18.8661
289,-1.08036,-19.1785
290,-1.09281,-19.4864
291,-1.1054,-19.7903
292,-1.11813,-20.0906
293,-1.131,-20.3879
294,-1.14401,-20.6825
295,-1.15717,-20.9748
296,-1.17047,-21.2654
297,-1.18393,-21.5545
298,-1.19753,-21.8426
299,-1.21129,-22.13
300,-1.2252,-22.4172
301,-1.23926,-22.7043
302,-1.25348,-22.9918
303,-1.26786,-23.2799
304,-1.28241,-23.5689
305,-1.29711,-23.8591
306,-1.31198,-24.1507
307,-1.32702,-24.4439
308,-1.34222,-24.739
309,-1.35759,-25.0361
310,-1.37314,-25.3354
311,-1.38886,-25.6371
312,-1.40476,-25.9414
313,-1.42083,-26.2484
314,-1.43708,-26.5582
315,-1.45352,-26.8709
316,-1.47014,-27.1867
317,-1.48695,-27.5057
318,-1.50394,-27.828
319,-1.52112,-28.1537
320,-1.5385,-28.4828
321,-1.55607,-28.8155
322,-1.57384,-29.1518
323,-1.59181,-29.4918
324,-1.60998,-29.8356
325,-1.62835,-30.1833
326,-1.64693,-30.5348
327,-1.66571,-30.8903
328,-1.68471,-31.2498
329,-1.70392,-31.6135
330,-1.72334,-31.9812
331,-1.74298,-32.3532
332,-1.76284,-32.7294
333,-1.78293,-33.1099
334,-1.80324,-33.4947
335,-1.82377,-33.884
336,-1.84454,-34.2777
337,-1.86554,-34.6759
338,-1.88677,-35.0787
339,-1.90824,-35.4861
340,-1.92995,-35.8982
341,-1.95191,-36.3149
342,-1.97411,-36.7365
343,-1.99656,-37.1628
344,-2.01926,-37.594
345,-2.04221,-38.0302
346,-2.06543,-38.4713
347,-2.0889,-38.9174
348,-2.11263,-39.3686
349,-2.13663,-39.8249
350,-2.1609,-40.2865
351,-2.18544,-40.7533
352,-2.21026,-41.2253
353,-2.23535,-41.7028
354,-2.26072,-42.1856
355,-2.28638,-42.6739
356,-2.31233,-43.1678
357,-2.33856,-43.6672
358,-2.36509,-44.1723
359,-2.39192,-44.6831
360,-2.41905,-45.1997
361,-2.44648,-45.7221
362,-2.47422,-46.2504
363,-2.50226,-46.7847
364,-2.53063,-47.325
365,-2.55931,-47.8714
366,-2.58831,-48.4239
367,-2.61763,-48.9827
368,-2.64729,-49.5478
369,-2.67728,-50.1192
370,-2.7076,-50.6971
371,-2.73826,-51.2814
372,-2.76926,-51.8724
373,-2.80062,-52.4699
374,-2.83232,-53.0742
375,-2.86438,-53.6853
376,-2.89679,-54.3033
377,-2.92957,-54.9281
378,-2.96272,-55.56
379,-2.99624,-56.199
380,-3.03013,-56.8452
381,-3.0644,-57.4986
382,-3.09906,-58.1594
383,-3.1341,-58.8275
384,-3.16954,-59.5032
385,-3.20538,-60.1864
386,-3.24161,-60.8773
387,-3.27825,-61.5759
388,-3.3153,-62.2823
389,-3.35277,-62.9967
390,-3.39065,-63.7191
391,-3.42896,-64.4495
392,-3.4677,-65.1882
393,-3.50687,-65.9351
394,-3.54648,-66.6903
395,-3.58654,-67.4541
396,-3.62704,-68.2263
397,-3.66799,-69.0073
398,-3.70941,-69.7969
399,-3.75129,-70.5954
400,-3.79364,-71.4028
401,-3.83646,-72.2193
402,-3.87976,-73.0449
403,-3.92354,-73.8797
404,-3.96782,-74.7238
405,-4.01259,-75.5774
406,-4.05786,-76.4406
407,-4.10364,-77.3134
408,-4.14994,-78.1959
409,-4.19675,-79.0883
410,-4.24408,-79.9907
411,-4.29195,-80.9032
412,-4.34035,-81.8259
413,-4.38929,-82.7589
414,-4.43878,-83.7023
415,-4.48883,-84.6563
416,-4.53943,-85.6209
417,-4.59061,-86.5963
418,-4.64235,-87.5826
419,-4.69468,-88.58
420,-4.74759,-89.5884
421,-4.80109,-90.6082
422,-4.85519,-91.6393
423,-4.9099,-92.682
424,-4.96522,-93.7363
425,-5.02116,-94.8023
426,-5.07773,-95.8803
427,-5.13493,-96.9703
428,-5.19277,-98.0725
429,-5.25126,-99.1871
430,-5.3104,-100.314
431,-5.3702,-101.454
432,-5.43068,-102.606
433,-5.49183,-103.771
434,-5.55367,-104.949
435,-5.6162,-106.14
436,-5.67943,-107.345
437,-5.74336,-108.563
438,-5.80802,-109.795
439,-5.8734,-111.04
440,-5.9395,-112.3
441,-6.00635,-113.573
442,-6.07395,-114.861
443,-6.14231,-116.163
444,-6.21143,-117.479
445,-6.28132,-118.81
446,-6.352,-120.157
447,-6.42347,-121.518
448,-6.49574,-122.894
449,-6.56882,-124.286
450,-6.64272,-125.693
451,-6.71744,-127.116
452,-6.793,-128.555
453,-6.86941,-130.01
454,-6.94667,-131.481
455,-7.0248,-132.968
456,-7.1038,-134.473
457,-7.18369,-135.994
458,-7.26447,-137.532
459,-7.34616,-139.087
460,-7.42876,-140.659
461,-7.51229,-142.249
462,-7.59675,-143.857
463,-7.68216,-145.483
464,-7.76852,-147.127
465,-7.85586,-148.789
466,-7.94417,-150.47
467,-8.03346,-152.169
468,-8.12376,-153.888
469,-8.21507,-155.626
470,-8.3074,-157.383
471,-8.40077,-159.16
472,-8.49518,-160.956
473,-8.59065,-162.773
474,-8.68719,-164.61
475,-8.78481,-166.468
476,-8.88352,-168.346
477,-8.98334,-170.245
478,-9.08427,-172.165
479,-9.18634,-174.107
480,-9.28955,-176.071
481,-9.39391,-178.056
482,-9.49945,-180.064
483,-9.60616,-182.094
484,-9.71407,-184.147
485,-9.82319,-186.222
486,-9.93353,-188.321
487,-10.0451,-190.443
488,-10.1579,-192.589
489,-10.272,-194.759
490,-10.3874,-196.954
491,-10.504,-199.172
492,-10.622,-201.416
493,-10.7413,-203.684
494,-10.8619,-205.978
495,-10.9839,-208.298
496,-11.1072,-210.643
497,-11.232,-213.015
498,-11.3581,-215.413
499,-11.4856,-217.838
500,-11.6146,-220.29
501,-11.745,-222.769
502,-11.8768,-225.276
503,-12.0102,-227.811
504,-12.145,-230.375
505,-12.2813,-232.967
506,-12.4192,-235.588
507,-12.5586,-238.238
508,-12.6996,-240.918
509,-12.8421,-243.628
510,-12.9863,-246.368
511,-13.132,-249.139
512,-13.2794,-251.94
513,-13.4285,-254.773
514,-13.5792,-257.638
515,-13.7316,-260.535
516,-13.8857,-263.464
517,-14.0416,-266.425
518,-14.1991,-269.42
519,-14.3585,-272.449
520,-14.5196,-275.511
521,-14.6825,-278.607
522,-14.8473,-281.738
523,-15.0139,-284.905
524,-15.1824,-288.106
525,-15.3527,-291.343
526,-15.525,-294.617
527,-15.6992,-297.927
528,-15.8753,-301.274
529,-16.0534,-304.658
530,-16.2336,-308.08
531,-16.4157,-311.541
532,-16.5999,-315.04
533,-16.7861,-318.578
534,-16.9744,-322.156
535,-17.1648,-325.774
536,-17.3574,-329.433
537,-17.5521,-333.132
538,-17.749,-336.873
539,-17.9481,-340.655
540,-18.1494,-344.48
541,-18.353,-348.347
542,-18.5589,-352.258
543,-18.767,-356.213
544,-18.9775,-360.212
545,-19.1904,-364.255
546,-19.4056,-368.344
547,-19.6233,-372.478
548,-19.8434,-376.659
549,-20.0659,-380.886
550,-20.291,-385.161
551,-20.5185,-389.484
552,-20.7486,-393.855
553,-20.9813,-398.275
554,-21.2166,-402.744
555,-21.4546,-407.263
556,-21.6952,-411.833
557,-21.9385,-416.454
558,-22.1845,-421.127
559,-22.4332,-425.852
560,-22.6848,-430.63
561,-22.9392,-435.461
562,-23.1964,-440.346
563,-23.4565,-445.286
564,-23.7195,-450.281
565,-23.9855,-455.333
566,-24.2544,-460.44
567,-24.5264,-465.605
568,-24.8014,-470.828
569,-25.0794,-476.109
570,-25.3606,-481.449
571,-25.645,-486.849
572,-25.9325,-492.31
573,-26.2232,-497.831
574,-26.5172,-503.415
575,-26.8145,-509.061
576,-27.1151,-514.77
577,-27.4191,-520.543
578,-27.7265,-526.38
579,-28.0374,-532.283
580,-28.3517,-538.252
581,-28.6695,-544.288
582,-28.9909,-550.391
583,-29.3159,-556.563
584,-29.6445,-562.804
585,-29.9768,-569.114
586,-30.3129,-575.495
587,-30.6527,-581.948
588,-30.9963,-588.473
589,-31.3437,-595.071
590,-31.6951,-601.743
591,-32.0504,-608.49
592,-32.4096,-615.312
593,-32.7729,-622.21
594,-33.1402,-629.186
595,-33.5117,-636.24
596,-33.8873,-643.372
597,-34.2671,-650.585
598,-34.6512,-657.878
599,-35.0396,-665.253
600,-35.4323,-672.711
601,-35.8295,-680.252
602,-36.231,-687.878
603,-36.6371,-695.589
604,-37.0477,-703.386
605,-37.4629,-711.271
606,-37.8828,-719.244
607,-38.3074,-727.306
608,-38.7367,-735.458
609,-39.1708,-743.702
610,-39.6098,-752.038
611,-40.0537,-760.467
612,-40.5026,-768.991
613,-40.9565,-777.61
614,-41.4155,-786.326
615,-41.8797,-795.14
616,-42.349,-804.052
617,-42.8236,-813.063
618,-43.3035,-822.176
619,-43.7887,-831.391
620,-44.2795,-840.709
621,-44.7757,-850.131
622,-45.2774,-859.659
623,-45.7848,-869.294
624,-46.2979,-879.036
625,-46.8167,-888.888
626,-47.3413,-898.85
627,-47.8718,-908.923
628,-48.4082,-919.11
629,-48.9506,-929.41
630,-49.4992,-939.826
631,-50.0538,-950.358
632,-50.6147,-961.008
633,-51.1818,-971.778
634,-51.7553,-982.668
635,-52.3353,-993.68
636,-52.9217,-1004.82
637,-53.5146,-1016.08
638,-54.1143,-1027.46
639,-54.7206,-1038.98
640,-55.3337,-1050.62
641,-55.9537,-1062.39
642,-56.5807,-1074.3
643,-57.2146,-1086.34
644,-57.8557,-1098.51
645,-58.5039,-1110.82
646,-59.1594,-1123.27
647,-59.8223,-1135.85
648,-60.4925,-1148.58
649,-61.1703,-1161.45
650,-61.8556,-1174.46
651,-62.5487,-1187.62
652,-63.2495,-1200.93
653,-63.9581,-1214.39
654,-64.6747,-1228
655,-65.3993,-1241.76
656,-66.132,-1255.67
657,-66.8729,-1269.74
658,-67.6221,-1283.97
659,-68.3797,-1298.35
660,-69.1458,-1312.9
661,-69.9205,-1327.61
662,-70.7038,-1342.49
663,-71.4959,-1357.53
664,-72.2969,-1372.74
665,-73.1069,-1388.12
666,-73.9259,-1403.67
667,-74.7541,-1419.4
668,-75.5916,-1435.3
669,-76.4384,-1451.38
670,-77.2948,-1467.64
671,-78.1607,-1484.09
672,-79.0363,-1500.72
673,-79.9217,-1517.53
674,-80.8171,-1534.53
675,-81.7224,-1551.72
676,-82.6379,-1569.11
677,-83.5637,-1586.69
678,-84.4998,-1604.47
679,-85.4464,-1622.44
680,-86.4036,-1640.62
681,-87.3716,-1659
682,-88.3503,-1677.59
683,-89.3401,-1696.38
684,-90.3409,-1715.39
685,-91.3529,-1734.61
686,-92.3763,-1754.04
687,-93.4111,-1773.69
688,-94.4575,-1793.56
689,-95.5156,-1813.65
690,-96.5855,-1833.97
691,-97.6675,-1854.52
692,-98.7616,-1875.29
693,-99.8679,-1896.3
694,-100.987,-1917.55
695,-102.118,-1939.03
696,-103.262,-1960.75
697,-104.418,-1982.72
698,-105.588,-2004.93
699,-106.771,-2027.39
700,-107.967,-2050.1
701,-109.176,-2073.07
702,-110.399,-2096.29
703,-111.636,-2119.78
704,-112.886,-2143.52
705,-114.151,-2167.54
706,-115.429,-2191.82
707,-116.722,-2216.37
708,-118.03,-2241.2
709,-119.352,-2266.31
710,-120.689,-2291.7
711,-122.041,-2317.37
712,-123.408,-2343.33
713,-124.79,-2369.58
714,-126.188,-2396.12
715,-127.601,-2422.96
716,-129.031,-2450.11
717,-130.476,-2477.55
718,-131.937,-2505.3
719,-133.415,-2533.37
720,-134.91,-2561.75
721,-136.421,-2590.44
722,-137.949,-2619.46
723,-139.494,-2648.8
724,-141.056,-2678.48
725,-142.636,-2708.48
726,-144.234,-2738.82
727,-145.849,-2769.5
728,-147.483,-2800.52
729,-149.135,-2831.89
730,-150.805,-2863.61
731,-152.494,-2895.69
732,-154.202,-2928.13
733,-155.93,-2960.92
734,-157.676,-2994.09
735,-159.442,-3027.63
736,-161.228,-3061.54
737,-163.034,-3095.84
738,-164.86,-3130.51
739,-166.706,-3165.58
740,-168.574,-3201.04
741,-170.462,-3236.89
742,-172.371,-3273.15
743,-174.302,-3309.81
744,-176.254,-3346.89
745,-178.228,-3384.38
746,-180.224,-3422.28
747,-182.243,-3460.62
748,-184.284,-3499.38
749,-186.348,-3538.58
750,-188.435,-3578.21
751,-190.546,-3618.29
752,-192.68,-3658.82
753,-194.838,-3699.8
754,-197.02,-3741.24
755,-199.227,-3783.15
756,-201.458,-3825.52
757,-203.714,-3868.37
758,-205.996,-3911.7
759,-208.303,-3955.51
760,-210.636,-3999.82
761,-212.995,-4044.62
762,-215.381,-4089.92
763,-217.793,-4135.73
764,-220.232,-4182.05
765,-222.699,-4228.89
766,-225.193,-4276.26
767,-227.715,-4324.15
768,-230.266,-4372.59
769,-232.844,-4421.56
770,-235.452,-4471.08
771,-238.089,-4521.16
772,-240.756,-4571.8
773,-243.452,-4623.01
774,-246.179,-4674.79
775,-248.936,-4727.15
776,-251.724,-4780.09
777,-254.543,-4833.63
778,-257.394,-4887.77
779,-260.277,-4942.51
780,-263.192,-4997.87
781,-266.14,-5053.85
782,-269.12,-5110.45
783,-272.134,-5167.69
784,-275.182,-5225.57
785,-278.264,-5284.09
786,-281.38,-5343.28
787,-284.532,-5403.12
788,-287.718,-5463.64
789,-290.941,-5524.83
790,-294.199,-5586.71
791,-297.494,-5649.28
792,-300.826,-5712.55
793,-304.195,-5776.53
794,-307.602,-5841.23
795,-311.047,-5906.65
796,-314.53,-5972.8
797,-318.053,-6039.7
798,-321.615,-6107.34
799,-325.217,-6175.74
800,-328.859,-6244.91
801,-332.542,-6314.85
802,-336.266,-6385.58
803,-340.032,-6457.09
804,-343.84,-6529.41
805,-347.691,-6602.54
806,-351.585,-6676.49
807,-355.522,-6751.26
808,-359.504,-6826.87
809,-363.53,-6903.33
810,-367.602,-6980.65
811,-371.718,-7058.83
812,-375.881,-7137.88
813,-380.091,-7217.83
814,-384.348,-7298.66
815,-388.652,-7380.4
816,-393.005,-7463.06
817,-397.406,-7546.65
818,-401.857,-7631.16
819,-406.357,-7716.63
820,-410.908,-7803.05
821,-415.51,-7890.44
822,-420.163,-7978.81
823,-424.869,-8068.17
824,-429.627,-8158.53
825,-434.438,-8249.9
826,-439.304,-8342.29
827,-444.223,-8435.72
828,-449.198,-8530.2
829,-454.229,-8625.73
830,-459.316,-8722.34
831,-464.46,-8820.02
832,-469.661,-8918.8
833,-474.921,-9018.68
834,-480.24,-9119.69
835,-485.618,-9221.82
836,-491.056,-9325.1
837,-496.556,-9429.54
838,-502.117,-9535.14
839,-507.74,-9641.93
840,-513.426,-9749.91
841,-519.176,-9859.1
842,-524.99,-9969.51
843,-530.869,-10081.2
844,-536.815,-10194.1
845,-542.826,-10308.2
846,-548.905,-10423.7
847,-555.053,-10540.4
848,-561.269,-10658.5
849,-567.554,-10777.8
850,-573.91,-10898.5
851,-580.337,-11020.6
852,-586.836,-11144
853,-593.408,-11268.8
854,-600.054,-11395
855,-606.774,-11522.6
856,-613.569,-11651.7
857,-620.44,-11782.2
858,-627.389,-11914.1
859,-634.415,-12047.5
860,-641.519,-12182.5
861,-648.704,-12318.9
862,-655.968,-12456.8
863,-663.314,-12596.3
864,-670.743,-12737.4
865,-678.254,-12880.1
866,-685.85,-13024.3
867,-693.531,-13170.2
868,-701.297,-13317.7
869,-709.151,-13466.8
870,-717.093,-13617.6
871,-725.123,-13770.1
872,-733.244,-13924.3
873,-741.455,-14080.3
874,-749.758,-14238
875,-758.155,-14397.4
876,-766.645,-14558.6
877,-775.231,-14721.7
878,-783.912,-14886.5
879,-792.691,-15053.3
880,-801.568,-15221.8
881,-810.545,-15392.3
882,-819.622,-15564.7
883,-828.801,-15739
884,-838.082,-15915.3
885,-847.468,-16093.5
886,-856.958,-16273.7
887,-866.555,-16456
888,-876.259,-16640.2
889,-886.072,-16826.6
890,-895.995,-17015
891,-906.029,-17205.6
892,-916.175,-17398.3
893,-926.435,-17593.1
894,-936.81,-17790.1
895,-947.301,-17989.4
896,-957.91,-18190.8
897,-968.637,-18394.5
898,-979.484,-18600.5
899,-990.453,-18808.8
900,-1001.54,-19019.5
901,-1012.76,-19232.5
902,-1024.1,-19447.8
903,-1035.57,-19665.6
904,-1047.17,-19885.9
905,-1058.89,-20108.6
906,-1070.75,-20333.8
907,-1082.74,-20561.5
908,-1094.87,-20791.7
909,-1107.13,-21024.6
910,-1119.53,-21260
911,-1132.07,-21498.1
912,-1144.74,-21738.9
913,-1157.56,-21982.3
914,-1170.53,-22228.5
915,-1183.63,-22477.4
916,-1196.89,-22729.1
917,-1210.29,-22983.7
918,-1223.85,-23241.1
919,-1237.55,-23501.3
920,-1251.41,-23764.5
921,-1265.42,-24030.6
922,-1279.59,-24299.8
923,-1293.92,-24571.9
924,-1308.41,-24847
925,-1323.07,-25125.3
926,-1337.88,-25406.7
927,-1352.87,-25691.2
928,-1368.02,-25978.9
929,-1383.34,-26269.8
930,-1398.83,-26564
931,-1414.49,-26861.5
932,-1430.33,-27162.3
933,-1446.35,-27466.5
934,-1462.55,-27774.1
935,-1478.92,-28085.1
936,-1495.49,-28399.6
937,-1512.23,-28717.7
938,-1529.17,-29039.3
939,-1546.29,-29364.5
940,-1563.61,-29693.3
941,-1581.12,-30025.8
942,-1598.83,-30362.1
943,-1616.73,-30702.1
944,-1634.83,-31045.9
945,-1653.14,-31393.6
946,-1671.66,-31745.1
947,-1690.38,-32100.6
948,-1709.3,-32460.1
949,-1728.45,-32823.6
950,-1747.8,-33191.2
951,-1767.38,-33562.9
952,-1787.17,-33938.7
953,-1807.18,-34318.8
954,-1827.42,-34703.1
955,-1847.88,-35091.8
956,-1868.58,-35484.7
957,-1889.5,-35882.1
958,-1910.66,-36283.9
959,-1932.06,-36690.3
960,-1953.69,-37101.1
961,-1975.57,-37516.6
962,-1997.69,-37936.8
963,-2020.07,-38361.6
964,-2042.69,-38791.2
965,-2065.56,-39225.6
966,-2088.69,-39664.8
967,-2112.08,-40109
968,-2135.74,-40558.2
969,-2159.65,-41012.4
970,-2183.84,-41471.7
971,-2208.29,-41936.1
972,-2233.02,-42405.7
973,-2258.03,-42880.6
974,-2283.31,-43360.8
975,-2308.88,-43846.4
976,-2334.74,-44337.4
977,-2360.89,-44833.9
978,-2387.32,-45336
979,-2414.06,-45843.7
980,-2441.09,-46357
981,-2468.43,-46876.2
982,-2496.07,-47401.1
983,-2524.02,-47931.9
984,-2552.29,-48468.7
985,-2580.87,-49011.5
986,-2609.77,-49560.3
987,-2639,-50115.3
988,-2668.55,-50676.5
989,-2698.43,-51244
990,-2728.65,-51817.9
991,-2759.21,-52398.2
992,-2790.11,-52984.9
993,-2821.35,-53578.3
994,-2852.94,-54178.3
995,-2884.89,-54785
996,-2917.2,-55398.5
997,-2949.87,-56018.9
998,-2982.9,-56646.2
999,-3016.3,-57280.5
1000,-3050.08,-57922
1001,-3084.24,-58570.6
1002,-3118.78,-59226.5
1003,-3153.7,-59889.8
1004,-3189.02,-60560.4
1005,-3224.73,-61238.6
1006,-3260.84,-61924.4
1007,-3297.36,-62617.9
1008,-3334.28,-63319.1
1009,-3371.62,-64028.2
1010,-3409.38,-64745.2
1011,-3447.56,-65470.2
1012,-3486.17,-66203.4
1013,-3525.2,-66944.8
1014,-3564.68,-67694.4
1015,-3604.6,-68452.5
1016,-3644.97,-69219.1
1017,-3685.78,-69994.2
1018,-3727.06,-70778
1019,-3768.79,-71570.6
1020,-3811,-72372.1
1021,-3853.68,-73182.5
1022,-3896.83,-74002.1
1023,-3940.47,-74830.8
1024,-3984.6,-75668.8
1025,-4029.22,-76516.1
1026,-4074.34,-77373
1027,-4119.96,-78239.4
1028,-4166.1,-79115.6
1029,-4212.75,-80001.6
1030,-4259.93,-80897.5
1031,-4307.63,-81803.4
1032,-4355.87,-82719.4
1033,-4404.65,-83645.8
1034,-4453.97,-84582.5
1035,-4503.85,-85529.6
1036,-4554.29,-86487.4
1037,-4605.29,-87456
1038,-4656.86,-88435.3
1039,-4709.01,-89425.7
1040,-4761.74,-90427.1
1041,-4815.07,-91439.7
1042,-4868.99,-92463.7
1043,-4923.51,-93499.1
1044,-4978.65,-94546.2
1045,-5034.4,-95604.9
1046,-5090.77,-96675.5
1047,-5147.78,-97758.2
1048,-5205.43,-98852.9
1049,-5263.72,-99959.9
1050,-5322.67,-101079
1051,-5382.27,-102211
1052,-5442.54,-103356
1053,-5503.49,-104513
1054,-5565.12,-105684
1055,-5627.44,-106867
1056,-5690.46,-108064
1057,-5754.18,-109274
1058,-5818.62,-110498
1059,-5883.78,-111735
1060,-5949.67,-112986
1061,-6016.29,-114252
1062,-6083.67,-115531
1063,-6151.79,-116825
1064,-6220.68,-118133
1065,-6290.34,-119456
1066,-6360.79,-120794
1067,-6432.02,-122146
1068,-6504.04,-123514
1069,-6576.88,-124897
1070,-6650.53,-126296
1071,-6725,-127710
1072,-6800.31,-129140
1073,-6876.46,-130586
1074,-6953.47,-132049
1075,-7031.33,-133528
1076,-7110.07,-135023
1077,-7189.69,-136535
1078,-7270.21,-138064
1079,-7351.62,-139610
1080,-7433.95,-141173
1081,-7517.19,-142754
1082,-7601.37,-144353
1083,-7686.5,-145969
1084,-7772.57,-147604
1085,-7859.61,-149257
1086,-7947.63,-150928
1087,-8036.63,-152618
1088,-8126.62,-154328
1089,-8217.63,-156056
1090,-8309.65,-157803
1091,-8402.71,-159570
1092,-8496.8,-161357
1093,-8591.95,-163164
1094,-8688.17,-164991
1095,-8785.46,-166839
1096,-8883.84,-168707
1097,-8983.33,-170597
1098,-9083.92,-172507
1099,-9185.65,-174439
1100,-9288.51,-176392
1101,-9392.53,-178368
1102,-9497.71,-180365
1103,-9604.07,-182385
1104,-9711.61,-184427
1105,-9820.37,-186492
1106,-9930.34,-188581
1107,-10041.5,-190693
1108,-10154,-192828
1109,-10267.7,-194987
1110,-10382.7,-197171
1111,-10498.9,-199379
1112,-10616.5,-201612
1113,-10735.4,-203869
1114,-10855.6,-206152
1115,-10977.2,-208461
1116,-11100.1,-210795
1117,-11224.4,-213156
1118,-11350.1,-215543
1119,-11477.2,-217956
1120,-11605.7,-220397
1121,-11735.7,-222865
1122,-11867.1,-225361
1123,-12000,-227885
1124,-12134.4,-230437
1125,-12270.3,-233017
1126,-12407.7,-235626
1127,-12546.6,-238265
1128,-12687.1,-240933
1129,-12829.2,-243631
1130,-12972.9,-246360
1131,-13118.1,-249118
1132,-13265,-251908
1133,-13413.6,-254729
1134,-13563.8,-257582
1135,-13715.7,-260466
1136,-13869.3,-263383
1137,-14024.6,-266332
1138,-14181.6,-269315
1139,-14340.5,-272331
1140,-14501,-275380
1141,-14663.4,-278464
1142,-14827.6,-281582
1143,-14993.7,-284736
1144,-15161.6,-287924
1145,-15331.4,-291148
1146,-15503,-294409
1147,-15676.7,-297706
1148,-15852.2,-301039
1149,-16029.7,-304410
1150,-16209.2,-307819
1151,-16390.7,-311266
1152,-16574.3,-314752
1153,-16759.9,-318277
1154,-16947.6,-321841
1155,-17137.4,-325445
1156,-17329.3,-329089
1157,-17523.3,-332775
1158,-17719.6,-336501
1159,-17918,-340269
1160,-18118.6,-344080
1161,-18321.5,-347933
1162,-18526.7,-351829
1163,-18734.2,-355769
1164,-18944,-359753
1165,-19156.1,-363782
1166,-19370.6,-367855
1167,-19587.5,-371975
1168,-19806.9,-376140
1169,-20028.7,-380352
1170,-20253,-384612
1171,-20479.8,-388919
1172,-20709.1,-393274
1173,-20941,-397678
1174,-21175.5,-402131
1175,-21412.7,-406634
1176,-21652.4,-411188
1177,-21894.9,-415793
1178,-22140.1,-420449
1179,-22388,-425157
1180,-22638.7,-429918
1181,-22892.2,-434732
1182,-23148.6,-439601
1183,-23407.8,-444523
1184,-23669.9,-449501
1185,-23935,-454535
1186,-24203,-459625
1187,-24474.1,-464772
1188,-24748.1,-469977
1189,-25025.3,-475240
1190,-25305.5,-480561
1191,-25588.9,-485943
1192,-25875.4,-491385
1193,-26165.2,-496887
1194,-26458.2,-502452
1195,-26754.5,-508078
1196,-27054.1,-513768
1197,-27357.1,-519521
1198,-27663.4,-525339
1199,-27973.2,-531222
1200,-28286.4,-537170
1201,-28603.2,-543186
1202,-28923.5,-549269
1203,-29247.4,-555419
1204,-29574.9,-561639
1205,-29906.1,-567929
1206,-30241,-574288
1207,-30579.7,-580719
1208,-30922.1,-587222
1209,-31268.4,-593798
1210,-31618.5,-600448
1211,-31972.6,-607172
1212,-32330.6,-613971
1213,-32692.7,-620847
1214,-33058.8,-627799
1215,-33429,-634829
1216,-33803.3,-641938
1217,-34181.9,-649127
1218,-34564.6,-656396
1219,-34951.7,-663746
1220,-35343.1,-671179
1221,-35738.9,-678695
1222,-36139.1,-686295
1223,-36543.8,-693981
1224,-36953,-701752
1225,-37366.8,-709611
1226,-37785.3,-717557
1227,-38208.4,-725592
1228,-38636.3,-733718
1229,-39068.9,-741934
1230,-39506.4,-750242
1231,-39948.8,-758644
1232,-40396.2,-767139
1233,-40848.6,-775730
1234,-41306,-784417
1235,-41768.6,-793201
1236,-42236.3,-802084
1237,-42709.3,-811065
1238,-43187.5,-820148
1239,-43671.2,-829332
1240,-44160.2,-838619
1241,-44654.7,-848010
1242,-45154.8,-857507
1243,-45660.4,-867109
1244,-46171.8,-876819
1245,-46688.8,-886638
1246,-47211.6,-896567
1247,-47740.3,-906607
1248,-48274.9,-916759
1249,-48815.5,-927026
1250,-49362.2,-937407
1251,-49914.9,-947904
1252,-50473.9,-958519
1253,-51039.1,-969253
1254,-51610.7,-980107
1255,-52188.6,-991082
1256,-52773,-1.00218e+06
1257,-53364,-1.0134e+06
1258,-53961.6,-1.02475e+06
1259,-54565.9,-1.03623e+06
1260,-55176.9,-1.04783e+06
1261,-55794.8,-1.05956e+06
1262,-56419.6,-1.07143e+06
1263,-57051.4,-1.08343e+06
1264,-57690.3,-1.09556e+06
1265,-58336.3,-1.10783e+06
1266,-58989.6,-1.12023e+06
1267,-59650.2,-1.13278e+06
1268,-60318.1,-1.14546e+06
1269,-60993.6,-1.15829e+06
1270,-61676.6,-1.17126e+06
1271,-62367.3,-1.18438e+06
1272,-63065.7,-1.19764e+06
1273,-63771.9,-1.21105e+06
1274,-64486.1,-1.22462e+06
1275,-65208.2,-1.23833e+06
1276,-65938.4,-1.2522e+06
1277,-66676.8,-1.26622e+06
1278,-67423.5,-1.2804e+06
1279,-68178.5,-1.29474e+06
1280,-68942,-1.30923e+06
1281,-69714,-1.3239e+06
1282,-70494.7,-1.33872e+06
1283,-71284.1,-1.35371e+06
1284,-72082.4,-1.36887e+06
1285,-72889.5,-1.3842e+06
1286,-73705.8,-1.3997e+06
1287,-74531.2,-1.41538e+06
1288,-75365.8,-1.43123e+06
1289,-76209.7,-1.44725e+06
1290,-77063.2,-1.46346e+06
1291,-77926.1,-1.47985e+06
1292,-78798.8,-1.49642e+06
1293,-79681.2,-1.51318e+06
1294,-80573.5,-1.53012e+06
1295,-81475.8,-1.54726e+06
1296,-82388.1,-1.56458e+06
1297,-83310.8,-1.5821e+06
1298,-84243.7,-1.59982e+06
1299,-85187.1,-1.61774e+06
1300,-86141,-1.63585e+06
1301,-87105.6,-1.65417e+06
1302,-88081.1,-1.67269e+06
1303,-89067.4,-1.69142e+06
1304,-90064.8,-1.71037e+06
1305,-91073.4,-1.72952e+06
1306,-92093.3,-1.74889e+06
1307,-93124.5,-1.76847e+06
1308,-94167.4,-1.78828e+06
1309,-95221.9,-1.8083e+06
1310,-96288.2,-1.82855e+06
1311,-97366.5,-1.84903e+06
1312,-98456.8,-1.86973e+06
1313,-99559.4,-1.89067e+06
1314,-100674,-1.91184e+06
1315,-101802,-1.93325e+06
1316,-102942,-1.9549e+06
1317,-104094,-1.97679e+06
1318,-105260,-1.99893e+06
1319,-106439,-2.02131e+06
1320,-107631,-2.04395e+06
1321,-108836,-2.06684e+06
1322,-110055,-2.08998e+06
1323,-111287,-2.11339e+06
1324,-112533,-2.13705e+06
1325,-113794,-2.16098e+06
1326,-115068,-2.18518e+06
1327,-116356,-2.20965e+06
1328,-117659,-2.2344e+06
1329,-118977,-2.25942e+06
1330,-120309,-2.28472e+06
1331,-121657,-2.31031e+06
1332,-123019,-2.33618e+06
1333,-124397,-2.36234e+06
1334,-125790,-2.38879e+06
1335,-127198,-2.41554e+06
1336,-128623,-2.44259e+06
1337,-130063,-2.46995e+06
1338,-131519,-2.4976e+06
1339,-132992,-2.52557e+06
1340,-134481,-2.55386e+06
1341,-135987,-2.58245e+06
1342,-137510,-2.61137e+06
1343,-139050,-2.64062e+06
1344,-140607,-2.67019e+06
1345,-142182,-2.70009e+06
1346,-143774,-2.73032e+06
1347,-145384,-2.7609e+06
1348,-147012,-2.79182e+06
1349,-148658,-2.82308e+06
1350,-150323,-2.85469e+06
1351,-152006,-2.88666e+06
1352,-153709,-2.91899e+06
1353,-155430,-2.95167e+06
1354,-157170,-2.98473e+06
1355,-158930,-3.01815e+06
1356,-160710,-3.05195e+06
1357,-162510,-3.08613e+06
1358,-164330,-3.12069e+06
1359,-166170,-3.15563e+06
1360,-168031,-3.19097e+06
1361,-169912,-3.2267e+06
1362,-171815,-3.26284e+06
1363,-173739,-3.29937e+06
1364,-175685,-3.33632e+06
1365,-177652,-3.37368e+06
1366,-179641,-3.41146e+06
1367,-181653,-3.44966e+06
1368,-183687,-3.48829e+06
1369,-185744,-3.52736e+06
1370,-187824,-3.56686e+06
1371,-189928,-3.6068e+06
1372,-192055,-3.64719e+06
1373,-194205,-3.68803e+06
1374,-196380,-3.72933e+06
1375,-198579,-3.77109e+06
1376,-200803,-3.81332e+06
1377,-203051,-3.85603e+06
1378,-205325,-3.89921e+06
1379,-207625,-3.94287e+06
1380,-209950,-3.98702e+06
1381,-212301,-4.03167e+06
1382,-214678,-4.07682e+06
1383,-217082,-4.12247e+06
1384,-219513,-4.16864e+06
1385,-221971,-4.21532e+06
1386,-224457,-4.26252e+06
1387,-226970,-4.31026e+06
1388,-229512,-4.35852e+06
1389,-232082,-4.40733e+06
1390,-234681,-4.45669e+06
1391,-237309,-4.50659e+06
1392,-239967,-4.55706e+06
1393,-242654,-4.60809e+06
1394,-245371,-4.65969e+06
1395,-248119,-4.71187e+06
1396,-250897,-4.76464e+06
1397,-253707,-4.81799e+06
1398,-256548,-4.87195e+06
1399,-259421,-4.9265e+06
1400,-262326,-4.98167e+06
1401,-265264,-5.03746e+06
1402,-268234,-5.09387e+06
1403,-271238,-5.15091e+06
1404,-274275,-5.20859e+06
1405,-277347,-5.26692e+06
1406,-280452,-5.3259e+06
1407,-283593,-5.38554e+06
1408,-286769,-5.44585e+06
1409,-289980,-5.50683e+06
1410,-293227,-5.5685e+06
1411,-296511,-5.63086e+06
1412,-299831,-5.69391e+06
1413,-303189,-5.75768e+06
1414,-306584,-5.82215e+06
1415,-310017,-5.88735e+06
1416,-313489,-5.95328e+06
1417,-317000,-6.01994e+06
1418,-320549,-6.08736e+06
1419,-324139,-6.15552e+06
1420,-327769,-6.22446e+06
1421,-331439,-6.29416e+06
1422,-335151,-6.36464e+06
1423,-338904,-6.43592e+06
1424,-342699,-6.50799e+06
1425,-346537,-6.58086e+06
1426,-350417,-6.65456e+06
1427,-354341,-6.72908e+06
1428,-358309,-6.80443e+06
1429,-362322,-6.88063e+06
1430,-366379,-6.95768e+06
1431,-370482,-7.0356e+06
1432,-374631,-7.11438e+06
1433,-378826,-7.19405e+06
1434,-383068,-7.27461e+06
1435,-387358,-7.35607e+06
1436,-391695,-7.43845e+06
1437,-396082,-7.52175e+06
1438,-400517,-7.60598e+06
1439,-405002,-7.69115e+06
1440,-409538,-7.77728e+06
1441,-414124,-7.86437e+06
1442,-418761,-7.95244e+06
1443,-423451,-8.04149e+06
1444,-428192,-8.13154e+06
1445,-432987,-8.2226e+06
1446,-437836,-8.31468e+06
1447,-442739,-8.40779e+06
1448,-447697,-8.50194e+06
1449,-452711,-8.59715e+06
1450,-457780,-8.69342e+06
1451,-462906,-8.79077e+06
1452,-468090,-8.88922e+06
1453,-473332,-8.98876e+06
1454,-478632,-9.08942e+06
1455,-483992,-9.1912e+06
1456,-489412,-9.29413e+06
1457,-494893,-9.39821e+06
1458,-500435,-9.50345e+06
1459,-506039,-9.60987e+06
1460,-511705,-9.71749e+06
1461,-517436,-9.8263e+06
1462,-523230,-9.93634e+06
1463,-529089,-1.00476e+07
1464,-535014,-1.01601e+07
1465,-541005,-1.02739e+07
1466,-547064,-1.0389e+07
1467,-553190,-1.05053e+07
1468,-559385,-1.06229e+07
1469,-565649,-1.07419e+07
1470,-571983,-1.08622e+07
1471,-578388,-1.09838e+07
1472,-584865,-1.11068e+07
1473,-591415,-1.12312e+07
1474,-598037,-1.1357e+07
1475,-604734,-1.14841e+07
1476,-611506,-1.16127e+07
1477,-618354,-1.17428e+07
1478,-625279,-1.18743e+07
1479,-632281,-1.20073e+07
1480,-639361,-1.21417e+07
1481,-646521,-1.22777e+07
1482,-653761,-1.24152e+07
1483,-661082,-1.25542e+07
1484,-668485,-1.26948e+07
1485,-675971,-1.28369e+07
1486,-683540,-1.29807e+07
1487,-691195,-1.31261e+07
1488,-698935,-1.3273e+07
1489,-706762,-1.34217e+07
1490,-714676,-1.3572e+07
1491,-722679,-1.3724e+07
1492,-730772,-1.38776e+07
1493,-738956,-1.40331e+07
1494,-747231,-1.41902e+07
1495,-755598,-1.43491e+07
1496,-764060,-1.45098e+07
1497,-772616,-1.46723e+07
1498,-781268,-1.48366e+07
1499,-790017,-1.50027e+07
1500,-798863,-1.51707e+07
1501,-807809,-1.53406e+07
1502,-816855,-1.55124e+07
1503,-826003,-1.56861e+07
1504,-835252,-1.58618e+07
1505,-844606,-1.60394e+07
1506,-854064,-1.6219e+07
1507,-863628,-1.64006e+07
1508,-873299,-1.65843e+07
1509,-883078,-1.677e+07
1510,-892967,-1.69578e+07
1511,-902967,-1.71477e+07
1512,-913079,-1.73397e+07
1513,-923304,-1.75339e+07
1514,-933643,-1.77302e+07
1515,-944098,-1.79288e+07
1516,-954670,-1.81296e+07
1517,-965361,-1.83326e+07
1518,-976172,-1.85379e+07
1519,-987103,-1.87455e+07
1520,-998157,-1.89554e+07
1521,-1.00933e+06,-1.91677e+07
1522,-1.02064e+06,-1.93823e+07
1523,-1.03207e+06,-1.95993e+07
1524,-1.04362e+06,-1.98188e+07
1525,-1.05531e+06,-2.00408e+07
1526,-1.06713e+06,-2.02652e+07
1527,-1.07908e+06,-2.04921e+07
1528,-1.09116e+06,-2.07216e+07
1529,-1.10338e+06,-2.09536e+07
1530,-1.11574e+06,-2.11883e+07
1531,-1.12823e+06,-2.14256e+07
1532,-1.14087e+06,-2.16655e+07
1533,-1.15364e+06,-2.19081e+07
1534,-1.16656e+06,-2.21534e+07
1535,-1.17962e+06,-2.24015e+07
1536,-1.19283e+06,-2.26524e+07
1537,-1.20619e+06,-2.2906e+07
1538,-1.2197e+06,-2.31625e+07
1539,-1.23336e+06,-2.34219e+07
1540,-1.24717e+06,-2.36842e+07
1541,-1.26113e+06,-2.39494e+07
1542,-1.27526e+06,-2.42176e+07
1543,-1.28954e+06,-2.44888e+07
1544,-1.30398e+06,-2.4763e+07
1545,-1.31858e+06,-2.50404e+07
1546,-1.33335e+06,-2.53208e+07
1547,-1.34828e+06,-2.56043e+07
1548,-1.36338e+06,-2.5891e+07
1549,-1.37864e+06,-2.6181e+07
1550,-1.39408e+06,-2.64742e+07
1551,-1.40969e+06,-2.67706e+07
1552,-1.42548e+06,-2.70704e+07
1553,-1.44144e+06,-2.73735e+07
1554,-1.45758e+06,-2.76801e+07
1555,-1.47391e+06,-2.799e+07
1556,-1.49041e+06,-2.83035e+07
1557,-1.5071e+06,-2.86204e+07
1558,-1.52398e+06,-2.89409e+07
1559,-1.54104e+06,-2.9265e+07
1560,-1.5583e+06,-2.95927e+07
1561,-1.57575e+06,-2.99241e+07
1562,-1.5934e+06,-3.02592e+07
1563,-1.61124e+06,-3.05981e+07
1564,-1.62928e+06,-3.09407e+07
1565,-1.64753e+06,-3.12872e+07
1566,-1.66598e+06,-3.16376e+07
1567,-1.68463e+06,-3.19918e+07
1568,-1.7035e+06,-3.23501e+07
1569,-1.72257e+06,-3.27124e+07
1570,-1.74186e+06,-3.30787e+07
1571,-1.76137e+06,-3.34491e+07
1572,-1.78109e+06,-3.38237e+07
1573,-1.80104e+06,-3.42024e+07
1574,-1.82121e+06,-3.45855e+07
1575,-1.8416e+06,-3.49728e+07
1576,-1.86223e+06,-3.53644e+07
1577,-1.88308e+06,-3.57604e+07
1578,-1.90417e+06,-3.61609e+07
1579,-1.92549e+06,-3.65658e+07
1580,-1.94705e+06,-3.69753e+07
1581,-1.96886e+06,-3.73893e+07
1582,-1.9909e+06,-3.7808e+07
1583,-2.0132e+06,-3.82314e+07
1584,-2.03574e+06,-3.86595e+07
1585,-2.05854e+06,-3.90925e+07
1586,-2.08159e+06,-3.95302e+07
1587,-2.1049e+06,-3.99729e+07
1588,-2.12847e+06,-4.04205e+07
1589,-2.15231e+06,-4.08732e+07
1590,-2.17641e+06,-4.13309e+07
1591,-2.20078e+06,-4.17937e+07
1592,-2.22543e+06,-4.22617e+07
1593,-2.25035e+06,-4.2735e+07
1594,-2.27555e+06,-4.32135e+07
1595,-2.30103e+06,-4.36974e+07
1596,-2.3268e+06,-4.41868e+07
1597,-2.35285e+06,-4.46816e+07
1598,-2.3792e+06,-4.5182e+07
1599,-2.40584e+06,-4.56879e+07
1600,-2.43278e+06,-4.61995e+07
1601,-2.46003e+06,-4.67169e+07
1602,-2.48758e+06,-4.724e+07
1603,-2.51543e+06,-4.7769e+07
1604,-2.5436e+06,-4.8304e+07
1605,-2.57208e+06,-4.88449e+07
1606,-2.60089e+06,-4.93919e+07
1607,-2.63001e+06,-4.9945e+07
1608,-2.65946e+06,-5.05043e+07
1609,-2.68925e+06,-5.10698e+07
1610,-2.71936e+06,-5.16417e+07
1611,-2.74981e+06,-5.222e+07
1612,-2.78061e+06,-5.28048e+07
1613,-2.81174e+06,-5.33961e+07
1614,-2.84323e+06,-5.39941e+07
1615,-2.87507e+06,-5.45987e+07
1616,-2.90727e+06,-5.52101e+07
1617,-2.93982e+06,-5.58284e+07
1618,-2.97274e+06,-5.64535e+07
1619,-3.00603e+06,-5.70857e+07
1620,-3.03969e+06,-5.7725e+07
1621,-3.07373e+06,-5.83714e+07
1622,-3.10815e+06,-5.90251e+07
1623,-3.14296e+06,-5.9686e+07
1624,-3.17816e+06,-6.03544e+07
1625,-3.21375e+06,-6.10303e+07
1626,-3.24973e+06,-6.17137e+07
1627,-3.28613e+06,-6.24048e+07
1628,-3.32292e+06,-6.31036e+07
1629,-3.36014e+06,-6.38103e+07
1630,-3.39776e+06,-6.45248e+07
1631,-3.43581e+06,-6.52474e+07
1632,-3.47429e+06,-6.59781e+07
1633,-3.51319e+06,-6.67169e+07
1634,-3.55253e+06,-6.7464e+07
1635,-3.59232e+06,-6.82195e+07
1636,-3.63254e+06,-6.89834e+07
1637,-3.67322e+06,-6.97559e+07
1638,-3.71436e+06,-7.05371e+07
1639,-3.75595e+06,-7.1327e+07
1640,-3.79801e+06,-7.21257e+07
1641,-3.84054e+06,-7.29334e+07
1642,-3.88355e+06,-7.37501e+07
1643,-3.92704e+06,-7.4576e+07
1644,-3.97101e+06,-7.54111e+07
1645,-4.01548e+06,-7.62556e+07
1646,-4.06045e+06,-7.71095e+07
1647,-4.10592e+06,-7.7973e+07
1648,-4.1519e+06,-7.88462e+07
1649,-4.19839e+06,-7.97291e+07
1650,-4.24541e+06,-8.06219e+07
1651,-4.29295e+06,-8.15248e+07
1652,-4.34102e+06,-8.24377e+07
1653,-4.38963e+06,-8.33608e+07
1654,-4.43879e+06,-8.42943e+07
1655,-4.4885e+06,-8.52383e+07
1656,-4.53876e+06,-8.61928e+07
1657,-4.58959e+06,-8.7158e+07
1658,-4.64098e+06,-8.8134e+07
1659,-4.69295e+06,-8.9121e+07
1660,-4.7455e+06,-9.0119e+07
1661,-4.79865e+06,-9.11282e+07
1662,-4.85238e+06,-9.21486e+07
1663,-4.90672e+06,-9.31805e+07
1664,-4.96167e+06,-9.4224e+07
1665,-5.01723e+06,-9.52792e+07
1666,-5.07341e+06,-9.63461e+07
1667,-5.13023e+06,-9.7425e+07
1668,-5.18768e+06,-9.8516e+07
1669,-5.24577e+06,-9.96192e+07
1670,-5.30451e+06,-1.00735e+08
1671,-5.36391e+06,-1.01863e+08
1672,-5.42398e+06,-1.03004e+08
1673,-5.48472e+06,-1.04157e+08
1674,-5.54614e+06,-1.05323e+08
1675,-5.60825e+06,-1.06503e+08
1676,-5.67105e+06,-1.07695e+08
1677,-5.73456e+06,-1.08901e+08
1678,-5.79877e+06,-1.10121e+08
1679,-5.86371e+06,-1.11354e+08
1680,-5.92937e+06,-1.12601e+08
1681,-5.99577e+06,-1.13862e+08
1682,-6.06291e+06,-1.15137e+08
1683,-6.13081e+06,-1.16426e+08
1684,-6.19946e+06,-1.1773e+08
1685,-6.26888e+06,-1.19049e+08
1686,-6.33908e+06,-1.20382e+08
1687,-6.41007e+06,-1.2173e+08
1688,-6.48185e+06,-1.23093e+08
1689,-6.55444e+06,-1.24471e+08
1690,-6.62784e+06,-1.25865e+08
1691,-6.70206e+06,-1.27275e+08
1692,-6.77711e+06,-1.287e+08
1693,-6.853e+06,-1.30141e+08
1694,-6.92974e+06,-1.31598e+08
1695,-7.00734e+06,-1.33072e+08
1696,-7.08581e+06,-1.34562e+08
1697,-7.16516e+06,-1.36069e+08
1698,-7.2454e+06,-1.37593e+08
1699,-7.32653e+06,-1.39134e+08
1700,-7.40858e+06,-1.40692e+08
1701,-7.49154e+06,-1.42267e+08
1702,-7.57543e+06,-1.4386e+08
1703,-7.66027e+06,-1.45471e+08
1704,-7.74605e+06,-1.471e+08
1705,-7.83279e+06,-1.48748e+08
1706,-7.9205e+06,-1.50413e+08
1707,-8.0092e+06,-1.52098e+08
1708,-8.09889e+06,-1.53801e+08
1709,-8.18958e+06,-1.55523e+08
1710,-8.28129e+06,-1.57265e+08
1711,-8.37403e+06,-1.59026e+08
1712,-8.4678e+06,-1.60807e+08
1713,-8.56262e+06,-1.62608e+08
1714,-8.65851e+06,-1.64429e+08
1715,-8.75547e+06,-1.6627e+08
1716,-8.85352e+06,-1.68132e+08
1717,-8.95266e+06,-1.70015e+08
1718,-9.05292e+06,-1.71918e+08
1719,-9.15429e+06,-1.73844e+08
1720,-9.2568e+06,-1.7579e+08
1721,-9.36046e+06,-1.77759e+08
1722,-9.46529e+06,-1.79749e+08
1723,-9.57128e+06,-1.81762e+08
1724,-9.67846e+06,-1.83798e+08
1725,-9.78684e+06,-1.85856e+08
1726,-9.89644e+06,-1.87937e+08
1727,-1.00073e+07,-1.90042e+08
1728,-1.01193e+07,-1.9217e+08
1729,-1.02326e+07,-1.94322e+08
1730,-1.03472e+07,-1.96498e+08
1731,-1.04631e+07,-1.98698e+08
1732,-1.05803e+07,-2.00924e+08
1733,-1.06988e+07,-2.03174e+08
1734,-1.08186e+07,-2.05449e+08
1735,-1.09397e+07,-2.07749e+08
1736,-1.10622e+07,-2.10076e+08
1737,-1.11861e+07,-2.12428e+08
1738,-1.13114e+07,-2.14807e+08
1739,-1.1438e+07,-2.17213e+08
1740,-1.15661e+07,-2.19645e+08
1741,-1.16956e+07,-2.22105e+08
1742,-1.18266e+07,-2.24592e+08
1743,-1.1959e+07,-2.27107e+08
1744,-1.2093e+07,-2.2965e+08
1745,-1.22284e+07,-2.32222e+08
1746,-1.23653e+07,-2.34822e+08
1747,-1.25038e+07,-2.37452e+08
1748,-1.26438e+07,-2.40111e+08
1749,-1.27854e+07,-2.428e+08
1750,-1.29286e+07,-2.45519e+08
1751,-1.30733e+07,-2.48268e+08
1752,-1.32197e+07,-2.51048e+08
1753,-1.33678e+07,-2.53859e+08
1754,-1.35175e+07,-2.56702e+08
1755,-1.36689e+07,-2.59577e+08
1756,-1.38219e+07,-2.62484e+08
1757,-1.39767e+07,-2.65423e+08
1758,-1.41332e+07,-2.68395e+08
1759,-1.42915e+07,-2.71401e+08
1760,-1.44515e+07,-2.7444e+08
1761,-1.46134e+07,-2.77513e+08
1762,-1.4777e+07,-2.80621e+08
1763,-1.49425e+07,-2.83763e+08
1764,-1.51098e+07,-2.86941e+08
1765,-1.5279e+07,-2.90154e+08
1766,-1.54501e+07,-2.93404e+08
1767,-1.56231e+07,-2.96689e+08
1768,-1.57981e+07,-3.00012e+08
1769,-1.5975e+07,-3.03371e+08
1770,-1.61539e+07,-3.06768e+08
1771,-1.63348e+07,-3.10204e+08
1772,-1.65177e+07,-3.13677e+08
1773,-1.67027e+07,-3.1719e+08
1774,-1.68897e+07,-3.20742e+08
1775,-1.70788e+07,-3.24334e+08
1776,-1.72701e+07,-3.27966e+08
1777,-1.74635e+07,-3.31638e+08
1778,-1.7659e+07,-3.35352e+08
1779,-1.78568e+07,-3.39108e+08
1780,-1.80568e+07,-3.42905e+08
1781,-1.8259e+07,-3.46745e+08
1782,-1.84634e+07,-3.50628e+08
1783,-1.86702e+07,-3.54554e+08
1784,-1.88793e+07,-3.58525e+08
1785,-1.90907e+07,-3.62539e+08
1786,-1.93045e+07,-3.66599e+08
1787,-1.95206e+07,-3.70705e+08
1788,-1.97392e+07,-3.74856e+08
1789,-1.99603e+07,-3.79054e+08
1790,-2.01838e+07,-3.83298e+08
1791,-2.04098e+07,-3.87591e+08
1792,-2.06384e+07,-3.91931e+08
1793,-2.08695e+07,-3.9632e+08
1794,-2.11032e+07,-4.00758e+08
1795,-2.13395e+07,-4.05246e+08
1796,-2.15785e+07,-4.09784e+08
1797,-2.18201e+07,-4.14373e+08
1798,-2.20645e+07,-4.19013e+08
1799,-2.23116e+07,-4.23705e+08
1800,-2.25614e+07,-4.2845e+08
1801,-2.2814e+07,-4.33248e+08
1802,-2.30695e+07,-4.38099e+08
1803,-2.33279e+07,-4.43005e+08
1804,-2.35891e+07,-4.47966e+08
1805,-2.38533e+07,-4.52983e+08
1806,-2.41204e+07,-4.58055e+08
1807,-2.43905e+07,-4.63185e+08
1808,-2.46636e+07,-4.68372e+08
1809,-2.49398e+07,-4.73616e+08
1810,-2.52191e+07,-4.7892e+08
1811,-2.55015e+07,-4.84283e+08
1812,-2.57871e+07,-4.89706e+08
1813,-2.60758e+07,-4.9519e+08
1814,-2.63678e+07,-5.00735e+08
1815,-2.66631e+07,-5.06343e+08
1816,-2.69617e+07,-5.12013e+08
1817,-2.72636e+07,-5.17747e+08
1818,-2.75689e+07,-5.23545e+08
1819,-2.78776e+07,-5.29407e+08
1820,-2.81898e+07,-5.35336e+08
1821,-2.85055e+07,-5.41331e+08
1822,-2.88247e+07,-5.47393e+08
1823,-2.91475e+07,-5.53522e+08
1824,-2.94739e+07,-5.59721e+08
1825,-2.9804e+07,-5.65989e+08
1826,-3.01377e+07,-5.72327e+08
1827,-3.04752e+07,-5.78736e+08
1828,-3.08165e+07,-5.85217e+08
1829,-3.11616e+07,-5.9177e+08
1830,-3.15105e+07,-5.98397e+08
1831,-3.18634e+07,-6.05098e+08
1832,-3.22202e+07,-6.11874e+08
1833,-3.2581e+07,-6.18726e+08
1834,-3.29458e+07,-6.25655e+08
1835,-3.33148e+07,-6.32661e+08
1836,-3.36879e+07,-6.39745e+08
1837,-3.40651e+07,-6.4691e+08
1838,-3.44466e+07,-6.54154e+08
1839,-3.48323e+07,-6.61479e+08
1840,-3.52224e+07,-6.68887e+08
1841,-3.56168e+07,-6.76377e+08
1842,-3.60156e+07,-6.83951e+08
1843,-3.6419e+07,-6.9161e+08
1844,-3.68268e+07,-6.99355e+08
1845,-3.72392e+07,-7.07187e+08
1846,-3.76562e+07,-7.15106e+08
1847,-3.80779e+07,-7.23114e+08
1848,-3.85043e+07,-7.31211e+08
1849,-3.89355e+07,-7.394e+08
1850,-3.93715e+07,-7.4768e+08
1851,-3.98124e+07,-7.56052e+08
1852,-4.02582e+07,-7.64519e+08
1853,-4.0709e+07,-7.7308e+08
1854,-4.11649e+07,-7.81737e+08
1855,-4.16259e+07,-7.90491e+08
1856,-4.2092e+07,-7.99343e+08
1857,-4.25634e+07,-8.08295e+08
1858,-4.304e+07,-8.17346e+08
1859,-4.3522e+07,-8.26499e+08
1860,-4.40093e+07,-8.35754e+08
1861,-4.45022e+07,-8.45113e+08
1862,-4.50005e+07,-8.54577e+08
1863,-4.55044e+07,-8.64147e+08
1864,-4.6014e+07,-8.73824e+08
1865,-4.65293e+07,-8.83609e+08
1866,-4.70503e+07,-8.93504e+08
1867,-4.75772e+07,-9.0351e+08
1868,-4.811e+07,-9.13628e+08
1869,-4.86487e+07,-9.23859e+08
1870,-4.91935e+07,-9.34204e+08
1871,-4.97444e+07,-9.44666e+08
1872,-5.03015e+07,-9.55244e+08
1873,-5.08647e+07,-9.65941e+08
1874,-5.14343e+07,-9.76758e+08
1875,-5.20103e+07,-9.87696e+08
1876,-5.25927e+07,-9.98757e+08
1877,-5.31817e+07,-1.00994e+09
1878,-5.37772e+07,-1.02125e+09
1879,-5.43794e+07,-1.03269e+09
1880,-5.49884e+07,-1.04425e+09
1881,-5.56042e+07,-1.05594e+09
1882,-5.62268e+07,-1.06777e+09
1883,-5.68565e+07,-1.07973e+09
1884,-5.74932e+07,-1.09182e+09
1885,-5.8137e+07,-1.10404e+09
1886,-5.8788e+07,-1.11641e+09
1887,-5.94464e+07,-1.12891e+09
1888,-6.0112e+07,-1.14155e+09
1889,-6.07852e+07,-1.15433e+09
1890,-6.14659e+07,-1.16726e+09
1891,-6.21542e+07,-1.18033e+09
1892,-6.28502e+07,-1.19355e+09
1893,-6.3554e+07,-1.20692e+09
1894,-6.42657e+07,-1.22043e+09
1895,-6.49854e+07,-1.2341e+09
1896,-6.57131e+07,-1.24792e+09
1897,-6.6449e+07,-1.26189e+09
1898,-6.71931e+07,-1.27602e+09
1899,-6.79455e+07,-1.29031e+09
1900,-6.87064e+07,-1.30476e+09
1901,-6.94758e+07,-1.31937e+09
1902,-7.02538e+07,-1.33415e+09
1903,-7.10405e+07,-1.34909e+09
1904,-7.18361e+07,-1.36419e+09
1905,-7.26405e+07,-1.37947e+09
1906,-7.34539e+07,-1.39492e+09
1907,-7.42765e+07,-1.41054e+09
1908,-7.51083e+07,-1.42634e+09
1909,-7.59494e+07,-1.44231e+09
1910,-7.67998e+07,-1.45846e+09
1911,-7.76599e+07,-1.47479e+09
1912,-7.85295e+07,-1.49131e+09
1913,-7.94089e+07,-1.50801e+09
1914,-8.02982e+07,-1.52489e+09
1915,-8.11974e+07,-1.54197e+09
1916,-8.21066e+07,-1.55924e+09
1917,-8.30261e+07,-1.5767e+09
1918,-8.39558e+07,-1.59435e+09
1919,-8.4896e+07,-1.61221e+09
1920,-8.58467e+07,-1.63026e+09
1921,-8.6808e+07,-1.64852e+09
1922,-8.77801e+07,-1.66698e+09
1923,-8.87631e+07,-1.68565e+09
1924,-8.97571e+07,-1.70452e+09
1925,-9.07622e+07,-1.72361e+09
1926,-9.17786e+07,-1.74291e+09
1927,-9.28064e+07,-1.76243e+09
1928,-9.38456e+07,-1.78216e+09
1929,-9.48965e+07,-1.80212e+09
1930,-9.59592e+07,-1.8223e+09
1931,-9.70338e+07,-1.84271e+09
1932,-9.81204e+07,-1.86334e+09
1933,-9.92192e+07,-1.88421e+09
1934,-1.0033e+08,-1.90531e+09
1935,-1.01454e+08,-1.92665e+09
1936,-1.0259e+08,-1.94822e+09
1937,-1.03739e+08,-1.97004e+09
1938,-1.049e+08,-1.9921e+09
1939,-1.06075e+08,-2.01441e+09
1940,-1.07263e+08,-2.03697e+09
1941,-1.08464e+08,-2.05978e+09
1942,-1.09679e+08,-2.08284e+09
1943,-1.10907e+08,-2.10617e+09
1944,-1.12149e+08,-2.12975e+09
1945,-1.13405e+08,-2.1536e+09
1946,-1.14675e+08,-2.17772e+09
1947,-1.15959e+08,-2.2021e+09
1948,-1.17257e+08,-2.22676e+09
1949,-1.1857e+08,-2.2517e+09
1950,-1.19898e+08,-2.27691e+09
1951,-1.21241e+08,-2.30241e+09
1952,-1.22599e+08,-2.3282e+09
1953,-1.23971e+08,-2.35427e+09
1954,-1.2536e+08,-2.38063e+09
1955,-1.26764e+08,-2.40729e+09
1956,-1.28183e+08,-2.43425e+09
1957,-1.29619e+08,-2.46151e+09
1958,-1.3107e+08,-2.48907e+09
1959,-1.32538e+08,-2.51694e+09
1960,-1.34022e+08,-2.54513e+09
1961,-1.35523e+08,-2.57363e+09
1962,-1.3704e+08,-2.60245e+09
1963,-1.38575e+08,-2.63159e+09
1964,-1.40127e+08,-2.66106e+09
1965,-1.41696e+08,-2.69086e+09
1966,-1.43283e+08,-2.721e+09
1967,-1.44887e+08,-2.75147e+09
1968,-1.4651e+08,-2.78228e+09
1969,-1.4815e+08,-2.81343e+09
1970,-1.49809e+08,-2.84494e+09
1971,-1.51487e+08,-2.8768e+09
1972,-1.53183e+08,-2.90901e+09
1973,-1.54899e+08,-2.94159e+09
1974,-1.56633e+08,-2.97453e+09
1975,-1.58387e+08,-3.00784e+09
1976,-1.60161e+08,-3.04152e+09
1977,-1.61955e+08,-3.07558e+09
1978,-1.63768e+08,-3.11002e+09
1979,-1.65602e+08,-3.14485e+09
1980,-1.67457e+08,-3.18007e+09
1981,-1.69332e+08,-3.21568e+09
1982,-1.71228e+08,-3.25169e+09
1983,-1.73145e+08,-3.2881e+09
1984,-1.75084e+08,-3.32492e+09
1985,-1.77045e+08,-3.36215e+09
1986,-1.79028e+08,-3.3998e+09
1987,-1.81032e+08,-3.43788e+09
1988,-1.8306e+08,-3.47638e+09
1989,-1.8511e+08,-3.5153e+09
1990,-1.87183e+08,-3.55467e+09
1991,-1.89279e+08,-3.59448e+09
1992,-1.91398e+08,-3.63473e+09
1993,-1.93542e+08,-3.67543e+09
1994,-1.95709e+08,-3.71659e+09
1995,-1.979e+08,-3.75821e+09
1996,-2.00117e+08,-3.80029e+09
1997,-2.02358e+08,-3.84285e+09
1998,-2.04624e+08,-3.88588e+09
1999,-2.06915e+08,-3.9294e+09
2000,-2.09232e+08,-3.9734e+09
2001,-2.11575e+08,-4.0179e+09
2002,-2.13944e+08,-4.06289e+09
2003,-2.1634e+08,-4.10839e+09
2004,-2.18763e+08,-4.15439e+09
2005,-2.21213e+08,-4.20092e+09
2006,-2.2369e+08,-4.24796e+09
2007,-2.26195e+08,-4.29553e+09
2008,-2.28728e+08,-4.34363e+09
2009,-2.31289e+08,-4.39227e+09
2010,-2.33879e+08,-4.44146e+09
2011,-2.36498e+08,-4.49119e+09
2012,-2.39147e+08,-4.54149e+09
2013,-2.41825e+08,-4.59234e+09
2014,-2.44533e+08,-4.64377e+09
2015,-2.47271e+08,-4.69577e+09
2016,-2.5004e+08,-4.74836e+09
2017,-2.5284e+08,-4.80153e+09
2018,-2.55671e+08,-4.8553e+09
2019,-2.58534e+08,-4.90967e+09
2020,-2.6143e+08,-4.96465e+09
2021,-2.64357e+08,-5.02024e+09
2022,-2.67317e+08,-5.07646e+09
2023,-2.70311e+08,-5.13331e+09
2024,-2.73338e+08,-5.19079e+09
2025,-2.76399e+08,-5.24892e+09
2026,-2.79494e+08,-5.3077e+09
2027,-2.82624e+08,-5.36714e+09
2028,-2.85789e+08,-5.42724e+09
2029,-2.88989e+08,-5.48802e+09
2030,-2.92225e+08,-5.54947e+09
2031,-2.95498e+08,-5.61162e+09
2032,-2.98807e+08,-5.67446e+09
2033,-3.02153e+08,-5.738e+09
2034,-3.05536e+08,-5.80226e+09
2035,-3.08958e+08,-5.86723e+09
2036,-3.12418e+08,-5.93293e+09
2037,-3.15916e+08,-5.99937e+09
2038,-3.19454e+08,-6.06656e+09
2039,-3.23031e+08,-6.13449e+09
2040,-3.26649e+08,-6.20319e+09
2041,-3.30307e+08,-6.27265e+09
2042,-3.34005e+08,-6.34289e+09
2043,-3.37746e+08,-6.41392e+09
2044,-3.41528e+08,-6.48575e+09
2045,-3.45352e+08,-6.55838e+09
2046,-3.4922e+08,-6.63182e+09
2047,-3.5313e+08,-6.70608e+09
2048,-3.57085e+08,-6.78118e+09
2049,-3.61084e+08,-6.85712e+09
2050,-3.65127e+08,-6.93391e+09
2051,-3.69216e+08,-7.01155e+09
2052,-3.7335e+08,-7.09007e+09
2053,-3.77531e+08,-7.16947e+09
2054,-3.81759e+08,-7.24975e+09
2055,-3.86034e+08,-7.33094e+09
2056,-3.90357e+08,-7.41303e+09
2057,-3.94728e+08,-7.49604e+09
2058,-3.99149e+08,-7.57999e+09
2059,-4.03618e+08,-7.66487e+09
2060,-4.08138e+08,-7.7507e+09
2061,-4.12709e+08,-7.8375e+09
2062,-4.1733e+08,-7.92526e+09
2063,-4.22004e+08,-8.01401e+09
2064,-4.26729e+08,-8.10376e+09
2065,-4.31508e+08,-8.1945e+09
2066,-4.3634e+08,-8.28627e+09
2067,-4.41226e+08,-8.37906e+09
2068,-4.46167e+08,-8.47289e+09
2069,-4.51164e+08,-8.56777e+09
2070,-4.56216e+08,-8.66372e+09
2071,-4.61325e+08,-8.76073e+09
2072,-4.66491e+08,-8.85884e+09
2073,-4.71714e+08,-8.95804e+09
2074,-4.76997e+08,-9.05836e+09
2075,-4.82338e+08,-9.15979e+09
2076,-4.8774e+08,-9.26237e+09
2077,-4.93202e+08,-9.36609e+09
2078,-4.98725e+08,-9.47097e+09
2079,-5.04309e+08,-9.57703e+09
2080,-5.09957e+08,-9.68428e+09
2081,-5.15667e+08,-9.79273e+09
2082,-5.21442e+08,-9.90239e+09
2083,-5.27281e+08,-1.00133e+10
2084,-5.33186e+08,-1.01254e+10
2085,-5.39157e+08,-1.02388e+10
2086,-5.45194e+08,-1.03535e+10
2087,-5.51299e+08,-1.04694e+10
2088,-5.57473e+08,-1.05866e+10
2089,-5.63716e+08,-1.07052e+10
2090,-5.70028e+08,-1.08251e+10
2091,-5.76412e+08,-1.09463e+10
2092,-5.82867e+08,-1.10689e+10
2093,-5.89394e+08,-1.11928e+10
2094,-5.95994e+08,-1.13182e+10
2095,-6.02668e+08,-1.14449e+10
2096,-6.09417e+08,-1.15731e+10
2097,-6.16241e+08,-1.17027e+10
2098,-6.23142e+08,-1.18337e+10
2099,-6.3012e+08,-1.19662e+10
2100,-6.37176e+08,-1.21002e+10
2101,-6.44312e+08,-1.22357e+10
2102,-6.51527e+08,-1.23727e+10
2103,-6.58823e+08,-1.25113e+10
2104,-6.662e+08,-1.26514e+10
2105,-6.73661e+08,-1.27931e+10
2106,-6.81204e+08,-1.29363e+10
2107,-6.88833e+08,-1.30812e+10
2108,-6.96546e+08,-1.32277e+10
2109,-7.04347e+08,-1.33758e+10
2110,-7.12234e+08,-1.35256e+10
2111,-7.2021e+08,-1.36771e+10
2112,-7.28275e+08,-1.38302e+10
2113,-7.3643e+08,-1.39851e+10
2114,-7.44677e+08,-1.41417e+10
2115,-7.53016e+08,-1.43001e+10
2116,-7.61449e+08,-1.44602e+10
2117,-7.69976e+08,-1.46221e+10
2118,-7.78598e+08,-1.47859e+10
2119,-7.87317e+08,-1.49515e+10
2120,-7.96133e+08,-1.51189e+10
2121,-8.05049e+08,-1.52882e+10
2122,-8.14064e+08,-1.54594e+10
2123,-8.2318e+08,-1.56325e+10
2124,-8.32398e+08,-1.58076e+10
2125,-8.4172e+08,-1.59846e+10
2126,-8.51145e+08,-1.61636e+10
2127,-8.60677e+08,-1.63446e+10
2128,-8.70315e+08,-1.65276e+10
2129,-8.80061e+08,-1.67127e+10
2130,-8.89916e+08,-1.68999e+10
2131,-8.99881e+08,-1.70891e+10
2132,-9.09959e+08,-1.72805e+10
2133,-9.20148e+08,-1.7474e+10
2134,-9.30453e+08,-1.76697e+10
2135,-9.40872e+08,-1.78675e+10
2136,-9.51408e+08,-1.80676e+10
2137,-9.62062e+08,-1.82699e+10
2138,-9.72836e+08,-1.84745e+10
2139,-9.8373e+08,-1.86814e+10
2140,-9.94746e+08,-1.88906e+10
2141,-1.00589e+09,-1.91022e+10
2142,-1.01715e+09,-1.93161e+10
2143,-1.02854e+09,-1.95324e+10
2144,-1.04006e+09,-1.97511e+10
2145,-1.0517e+09,-1.99723e+10
2146,-1.06348e+09,-2.01959e+10
2147,-1.07539e+09,-2.04221e+10
2148,-1.08743e+09,-2.06508e+10
2149,-1.09961e+09,-2.0882e+10
2150,-1.11192e+09,-2.11159e+10
2151,-1.12438e+09,-2.13523e+10
2152,-1.13697e+09,-2.15914e+10
2153,-1.1497e+09,-2.18332e+10
2154,-1.16257e+09,-2.20777e+10
2155,-1.17559e+09,-2.2325e+10
2156,-1.18876e+09,-2.2575e+10
2157,-1.20207e+09,-2.28278e+10
2158,-1.21553e+09,-2.30834e+10
2159,-1.22914e+09,-2.33419e+10
2160,-1.24291e+09,-2.36033e+10
2161,-1.25682e+09,-2.38676e+10
2162,-1.2709e+09,-2.41349e+10
2163,-1.28513e+09,-2.44051e+10
2164,-1.29952e+09,-2.46784e+10
2165,-1.31407e+09,-2.49548e+10
2166,-1.32879e+09,-2.52342e+10
2167,-1.34367e+09,-2.55168e+10
2168,-1.35872e+09,-2.58026e+10
2169,-1.37393e+09,-2.60915e+10
2170,-1.38932e+09,-2.63837e+10
2171,-1.40488e+09,-2.66791e+10
2172,-1.42061e+09,-2.69779e+10
2173,-1.43652e+09,-2.728e+10
2174,-1.4526e+09,-2.75855e+10
2175,-1.46887e+09,-2.78944e+10
2176,-1.48532e+09,-2.82068e+10
2177,-1.50195e+09,-2.85226e+10
2178,-1.51877e+09,-2.8842e+10
2179,-1.53578e+09,-2.9165e+10
2180,-1.55298e+09,-2.94916e+10
2181,-1.57037e+09,-2.98219e+10
2182,-1.58795e+09,-3.01558e+10
2183,-1.60573e+09,-3.04935e+10
2184,-1.62372e+09,-3.0835e+10
2185,-1.6419e+09,-3.11803e+10
2186,-1.66028e+09,-3.15294e+10
2187,-1.67888e+09,-3.18825e+10
2188,-1.69768e+09,-3.22396e+10
2189,-1.71669e+09,-3.26006e+10
2190,-1.73591e+09,-3.29656e+10
2191,-1.75535e+09,-3.33348e+10
2192,-1.77501e+09,-3.37081e+10
2193,-1.79488e+09,-3.40856e+10
2194,-1.81498e+09,-3.44673e+10
2195,-1.83531e+09,-3.48532e+10
2196,-1.85586e+09,-3.52435e+10
2197,-1.87664e+09,-3.56382e+10
2198,-1.89766e+09,-3.60373e+10
2199,-1.91891e+09,-3.64408e+10
2200,-1.9404e+09,-3.68489e+10
2201,-1.96213e+09,-3.72616e+10
2202,-1.9841e+09,-3.76788e+10
2203,-2.00632e+09,-3.81008e+10
2204,-2.02879e+09,-3.85274e+10
2205,-2.0515e+09,-3.89589e+10
2206,-2.07448e+09,-3.93951e+10
2207,-2.09771e+09,-3.98363e+10
2208,-2.1212e+09,-4.02824e+10
2209,-2.14495e+09,-4.07335e+10
2210,-2.16897e+09,-4.11896e+10
2211,-2.19326e+09,-4.16509e+10
2212,-2.21782e+09,-4.21173e+10
2213,-2.24266e+09,-4.25889e+10
2214,-2.26777e+09,-4.30659e+10
2215,-2.29317e+09,-4.35481e+10
2216,-2.31885e+09,-4.40358e+10
2217,-2.34481e+09,-4.45289e+10
2218,-2.37107e+09,-4.50276e+10
2219,-2.39762e+09,-4.55318e+10
2220,-2.42447e+09,-4.60417e+10
2221,-2.45162e+09,-4.65572e+10
2222,-2.47908e+09,-4.70786e+10
2223,-2.50684e+09,-4.76058e+10
2224,-2.53491e+09,-4.81389e+10
2225,-2.5633e+09,-4.8678e+10
2226,-2.592e+09,-4.92231e+10
2227,-2.62103e+09,-4.97743e+10
2228,-2.65038e+09,-5.03317e+10
2229,-2.68006e+09,-5.08953e+10
2230,-2.71007e+09,-5.14652e+10
2231,-2.74042e+09,-5.20416e+10
2232,-2.7711e+09,-5.26243e+10
2233,-2.80214e+09,-5.32136e+10
2234,-2.83351e+09,-5.38095e+10
2235,-2.86524e+09,-5.44121e+10
2236,-2.89733e+09,-5.50214e+10
2237,-2.92978e+09,-5.56376e+10
2238,-2.96258e+09,-5.62606e+10
2239,-2.99576e+09,-5.68907e+10
2240,-3.02931e+09,-5.75277e+10
2241,-3.06323e+09,-5.81719e+10
2242,-3.09753e+09,-5.88234e+10
2243,-3.13222e+09,-5.94821e+10
2244,-3.1673e+09,-6.01482e+10
2245,-3.20276e+09,-6.08217e+10
2246,-3.23863e+09,-6.15028e+10
2247,-3.2749e+09,-6.21916e+10
2248,-3.31157e+09,-6.2888e+10
2249,-3.34865e+09,-6.35922e+10
2250,-3.38615e+09,-6.43043e+10
2251,-3.42407e+09,-6.50244e+10
2252,-3.46241e+09,-6.57526e+10
2253,-3.50119e+09,-6.64889e+10
2254,-3.54039e+09,-6.72335e+10
2255,-3.58004e+09,-6.79864e+10
2256,-3.62013e+09,-6.87477e+10
2257,-3.66067e+09,-6.95176e+10
2258,-3.70166e+09,-7.0296e+10
2259,-3.74312e+09,-7.10832e+10
2260,-3.78503e+09,-7.18792e+10
2261,-3.82742e+09,-7.26842e+10
2262,-3.87028e+09,-7.34981e+10
2263,-3.91362e+09,-7.43211e+10
2264,-3.95744e+09,-7.51534e+10
2265,-4.00176e+09,-7.5995e+10
2266,-4.04657e+09,-7.6846e+10
2267,-4.09189e+09,-7.77066e+10
2268,-4.13771e+09,-7.85767e+10
2269,-4.18404e+09,-7.94566e+10
2270,-4.2309e+09,-8.03464e+10
2271,-4.27828e+09,-8.12462e+10
2272,-4.32619e+09,-8.2156e+10
2273,-4.37463e+09,-8.3076e+10
2274,-4.42362e+09,-8.40063e+10
2275,-4.47316e+09,-8.4947e+10
2276,-4.52325e+09,-8.58983e+10
2277,-4.5739e+09,-8.68602e+10
2278,-4.62512e+09,-8.78329e+10
2279,-4.67691e+09,-8.88164e+10
2280,-4.72929e+09,-8.9811e+10
2281,-4.78225e+09,-9.08168e+10
2282,-4.8358e+09,-9.18337e+10
2283,-4.88995e+09,-9.28621e+10
2284,-4.94471e+09,-9.3902e+10
2285,-5.00008e+09,-9.49536e+10
2286,-5.05608e+09,-9.60169e+10
2287,-5.1127e+09,-9.70921e+10
2288,-5.16995e+09,-9.81794e+10
2289,-5.22784e+09,-9.92788e+10
2290,-5.28639e+09,-1.00391e+11
2291,-5.34558e+09,-1.01515e+11
2292,-5.40545e+09,-1.02652e+11
2293,-5.46598e+09,-1.03801e+11
2294,-5.52719e+09,-1.04963e+11
2295,-5.58908e+09,-1.06139e+11
2296,-5.65167e+09,-1.07327e+11
2297,-5.71496e+09,-1.08529e+11
2298,-5.77896e+09,-1.09745e+11
2299,-5.84367e+09,-1.10974e+11
2300,-5.90911e+09,-1.12216e+11
2301,-5.97528e+09,-1.13473e+11
2302,-6.04219e+09,-1.14744e+11
2303,-6.10986e+09,-1.16029e+11
2304,-6.17828e+09,-1.17328e+11
2305,-6.24746e+09,-1.18642e+11
2306,-6.31742e+09,-1.1997e+11
2307,-6.38817e+09,-1.21314e+11
2308,-6.4597e+09,-1.22672e+11
2309,-6.53204e+09,-1.24046e+11
2310,-6.60519e+09,-1.25435e+11
2311,-6.67915e+09,-1.2684e+11
2312,-6.75395e+09,-1.2826e+11
2313,-6.82958e+09,-1.29696e+11
2314,-6.90606e+09,-1.31149e+11
2315,-6.9834e+09,-1.32617e+11
2316,-7.0616e+09,-1.34103e+11
2317,-7.14068e+09,-1.35604e+11
2318,-7.22064e+09,-1.37123e+11
2319,-7.3015e+09,-1.38658e+11
2320,-7.38326e+09,-1.40211e+11
2321,-7.46594e+09,-1.41781e+11
2322,-7.54955e+09,-1.43369e+11
2323,-7.63409e+09,-1.44974e+11
2324,-7.71958e+09,-1.46598e+11
2325,-7.80602e+09,-1.48239e+11
2326,-7.89344e+09,-1.49899e+11
2327,-7.98183e+09,-1.51578e+11
2328,-8.07121e+09,-1.53275e+11
2329,-8.16159e+09,-1.54992e+11
2330,-8.25299e+09,-1.56728e+11
2331,-8.34541e+09,-1.58483e+11
2332,-8.43886e+09,-1.60257e+11
2333,-8.53336e+09,-1.62052e+11
2334,-8.62892e+09,-1.63867e+11
2335,-8.72555e+09,-1.65702e+11
2336,-8.82326e+09,-1.67557e+11
2337,-8.92207e+09,-1.69434e+11
2338,-9.02198e+09,-1.71331e+11
2339,-9.12301e+09,-1.7325e+11
2340,-9.22517e+09,-1.7519e+11
2341,-9.32848e+09,-1.77151e+11
2342,-9.43294e+09,-1.79135e+11
2343,-9.53857e+09,-1.81141e+11
2344,-9.64539e+09,-1.8317e+11
2345,-9.7534e+09,-1.85221e+11
2346,-9.86262e+09,-1.87295e+11
2347,-9.97307e+09,-1.89392e+11
2348,-1.00847e+10,-1.91513e+11
2349,-1.01977e+10,-1.93658e+11
2350,-1.03119e+10,-1.95827e+11
2351,-1.04273e+10,-1.98019e+11
2352,-1.05441e+10,-2.00237e+11
2353,-1.06622e+10,-2.02479e+11
2354,-1.07816e+10,-2.04747e+11
2355,-1.09023e+10,-2.07039e+11
2356,-1.10244e+10,-2.09358e+11
2357,-1.11479e+10,-2.11702e+11
2358,-1.12727e+10,-2.14073e+11
2359,-1.13989e+10,-2.1647e+11
2360,-1.15266e+10,-2.18894e+11
2361,-1.16557e+10,-2.21346e+11
2362,-1.17862e+10,-2.23824e+11
2363,-1.19182e+10,-2.26331e+11
2364,-1.20516e+10,-2.28865e+11
2365,-1.21866e+10,-2.31428e+11
2366,-1.23231e+10,-2.3402e+11
2367,-1.24611e+10,-2.3664e+11
2368,-1.26006e+10,-2.3929e+11
2369,-1.27417e+10,-2.4197e+11
2370,-1.28844e+10,-2.4468e+11
2371,-1.30287e+10,-2.4742e+11
2372,-1.31746e+10,-2.5019e+11
2373,-1.33221e+10,-2.52992e+11
2374,-1.34713e+10,-2.55825e+11
2375,-1.36221e+10,-2.5869e+11
2376,-1.37747e+10,-2.61587e+11
2377,-1.39289e+10,-2.64516e+11
2378,-1.40849e+10,-2.67478e+11
2379,-1.42426e+10,-2.70473e+11
2380,-1.44021e+10,-2.73502e+11
2381,-1.45634e+10,-2.76565e+11
2382,-1.47265e+10,-2.79662e+11
2383,-1.48914e+10,-2.82794e+11
2384,-1.50582e+10,-2.85961e+11
2385,-1.52268e+10,-2.89163e+11
2386,-1.53973e+10,-2.92401e+11
2387,-1.55697e+10,-2.95675e+11
2388,-1.57441e+10,-2.98986e+11
2389,-1.59204e+10,-3.02334e+11
2390,-1.60987e+10,-3.0572e+11
2391,-1.62789e+10,-3.09144e+11
2392,-1.64612e+10,-3.12605e+11
2393,-1.66456e+10,-3.16106e+11
2394,-1.6832e+10,-3.19646e+11
2395,-1.70205e+10,-3.23225e+11
2396,-1.72111e+10,-3.26845e+11
2397,-1.74038e+10,-3.30505e+11
2398,-1.75987e+10,-3.34206e+11
2399,-1.77958e+10,-3.37949e+11
2400,-1.79951e+10,-3.41733e+11
2401,-1.81966e+10,-3.4556e+11
2402,-1.84003e+10,-3.4943e+11
2403,-1.86064e+10,-3.53343e+11
2404,-1.88147e+10,-3.57299e+11
2405,-1.90254e+10,-3.61301e+11
2406,-1.92385e+10,-3.65347e+11
2407,-1.94539e+10,-3.69438e+11
2408,-1.96718e+10,-3.73575e+11
2409,-1.98921e+10,-3.77758e+11
2410,-2.01148e+10,-3.81988e+11
2411,-2.03401e+10,-3.86266e+11
2412,-2.05679e+10,-3.90592e+11
2413,-2.07982e+10,-3.94965e+11
2414,-2.10311e+10,-3.99388e+11
2415,-2.12666e+10,-4.03861e+11
2416,-2.15047e+10,-4.08383e+11
2417,-2.17456e+10,-4.12957e+11
2418,-2.19891e+10,-4.17581e+11
2419,-2.22353e+10,-4.22257e+11
2420,-2.24843e+10,-4.26986e+11
2421,-2.27361e+10,-4.31767e+11
2422,-2.29907e+10,-4.36602e+11
2423,-2.32481e+10,-4.41491e+11
2424,-2.35085e+10,-4.46435e+11
2425,-2.37717e+10,-4.51435e+11
2426,-2.40379e+10,-4.5649e+11
2427,-2.43071e+10,-4.61602e+11
2428,-2.45793e+10,-4.66771e+11
2429,-2.48546e+10,-4.71998e+11
2430,-2.51329e+10,-4.77284e+11
2431,-2.54143e+10,-4.82628e+11
2432,-2.56989e+10,-4.88033e+11
2433,-2.59867e+10,-4.93498e+11
2434,-2.62777e+10,-4.99024e+11
2435,-2.6572e+10,-5.04613e+11
2436,-2.68696e+10,-5.10263e+11
2437,-2.71704e+10,-5.15977e+11
2438,-2.74747e+10,-5.21755e+11
2439,-2.77824e+10,-5.27598e+11
2440,-2.80935e+10,-5.33506e+11
2441,-2.84081e+10,-5.39481e+11
2442,-2.87262e+10,-5.45522e+11
2443,-2.90479e+10,-5.51631e+11
2444,-2.93732e+10,-5.57808e+11
2445,-2.97021e+10,-5.64055e+11
2446,-3.00347e+10,-5.70371e+11
2447,-3.03711e+10,-5.76758e+11
2448,-3.07112e+10,-5.83217e+11
2449,-3.10551e+10,-5.89748e+11
2450,-3.14028e+10,-5.96352e+11
2451,-3.17545e+10,-6.0303e+11
2452,-3.21101e+10,-6.09783e+11
2453,-3.24697e+10,-6.16612e+11
2454,-3.28333e+10,-6.23516e+11
2455,-3.32009e+10,-6.30499e+11
2456,-3.35727e+10,-6.37559e+11
2457,-3.39487e+10,-6.44699e+11
2458,-3.43289e+10,-6.51918e+11
2459,-3.47133e+10,-6.59219e+11
2460,-3.5102e+10,-6.66601e+11
2461,-3.54951e+10,-6.74066e+11
2462,-3.58926e+10,-6.81614e+11
2463,-3.62945e+10,-6.89247e+11
2464,-3.67009e+10,-6.96965e+11
2465,-3.71119e+10,-7.0477e+11
2466,-3.75275e+10,-7.12662e+11
2467,-3.79478e+10,-7.20643e+11
2468,-3.83727e+10,-7.28713e+11
2469,-3.88024e+10,-7.36873e+11
2470,-3.92369e+10,-7.45125e+11
2471,-3.96763e+10,-7.53469e+11
2472,-4.01206e+10,-7.61906e+11
2473,-4.05699e+10,-7.70438e+11
2474,-4.10242e+10,-7.79066e+11
2475,-4.14836e+10,-7.8779e+11
2476,-4.19482e+10,-7.96612e+11
2477,-4.24179e+10,-8.05533e+11
2478,-4.28929e+10,-8.14553e+11
2479,-4.33732e+10,-8.23675e+11
2480,-4.38589e+10,-8.32898e+11
2481,-4.43501e+10,-8.42225e+11
2482,-4.48467e+10,-8.51657e+11
2483,-4.53489e+10,-8.61194e+11
2484,-4.58568e+10,-8.70838e+11
2485,-4.63703e+10,-8.8059e+11
2486,-4.68895e+10,-8.90451e+11
2487,-4.74146e+10,-9.00422e+11
2488,-4.79456e+10,-9.10505e+11
2489,-4.84825e+10,-9.20702e+11
2490,-4.90254e+10,-9.31012e+11
2491,-4.95744e+10,-9.41437e+11
2492,-5.01296e+10,-9.5198e+11
2493,-5.06909e+10,-9.6264e+11
2494,-5.12586e+10,-9.7342e+11
2495,-5.18326e+10,-9.84321e+11
2496,-5.2413e+10,-9.95344e+11
2497,-5.29999e+10,-1.00649e+12
2498,-5.35935e+10,-1.01776e+12
2499,-5.41936e+10,-1.02916e+12
2500,-5.48005e+10,-1.04068e+12
2501,-5.54141e+10,-1.05234e+12
2502,-5.60347e+10,-1.06412e+12
2503,-5.66622e+10,-1.07604e+12
2504,-5.72967e+10,-1.08809e+12
2505,-5.79383e+10,-1.10027e+12
2506,-5.85871e+10,-1.11259e+12
2507,-5.92432e+10,-1.12505e+12
2508,-5.99066e+10,-1.13765e+12
2509,-6.05775e+10,-1.15039e+12
2510,-6.12558e+10,-1.16327e+12
2511,-6.19418e+10,-1.1763e+12
2512,-6.26354e+10,-1.18947e+12
2513,-6.33368e+10,-1.20279e+12
2514,-6.40461e+10,-1.21626e+12
2515,-6.47633e+10,-1.22988e+12
2516,-6.54885e+10,-1.24365e+12
2517,-6.62219e+10,-1.25758e+12
2518,-6.69635e+10,-1.27166e+12
2519,-6.77133e+10,-1.2859e+12
2520,-6.84716e+10,-1.3003e+12
2521,-6.92384e+10,-1.31486e+12
2522,-7.00137e+10,-1.32959e+12
2523,-7.07978e+10,-1.34448e+12
2524,-7.15906e+10,-1.35953e+12
2525,-7.23923e+10,-1.37476e+12
2526,-7.32029e+10,-1.39015e+12
2527,-7.40227e+10,-1.40572e+12
2528,-7.48516e+10,-1.42146e+12
2529,-7.56898e+10,-1.43738e+12
2530,-7.65374e+10,-1.45348e+12
2531,-7.73945e+10,-1.46975e+12
2532,-7.82612e+10,-1.48621e+12
2533,-7.91376e+10,-1.50285e+12
2534,-8.00238e+10,-1.51968e+12
2535,-8.09199e+10,-1.5367e+12
2536,-8.18261e+10,-1.55391e+12
2537,-8.27424e+10,-1.57131e+12
2538,-8.36689e+10,-1.58891e+12
2539,-8.46059e+10,-1.6067e+12
2540,-8.55533e+10,-1.62469e+12
2541,-8.65114e+10,-1.64288e+12
2542,-8.74801e+10,-1.66128e+12
2543,-8.84598e+10,-1.67989e+12
2544,-8.94504e+10,-1.6987e+12
2545,-9.0452e+10,-1.71772e+12
2546,-9.14649e+10,-1.73696e+12
2547,-9.24892e+10,-1.75641e+12
2548,-9.35249e+10,-1.77607e+12
2549,-9.45722e+10,-1.79596e+12
2550,-9.56313e+10,-1.81608e+12
2551,-9.67022e+10,-1.83641e+12
2552,-9.77851e+10,-1.85698e+12
2553,-9.88801e+10,-1.87777e+12
2554,-9.99874e+10,-1.8988e+12
2555,-1.01107e+11,-1.92006e+12
2556,-1.02239e+11,-1.94156e+12
2557,-1.03384e+11,-1.96331e+12
2558,-1.04542e+11,-1.98529e+12
2559,-1.05713e+11,-2.00752e+12
2560,-1.06896e+11,-2.03e+12
2561,-1.08093e+11,-2.05274e+12
2562,-1.09304e+11,-2.07572e+12
2563,-1.10528e+11,-2.09897e+12
2564,-1.11766e+11,-2.12247e+12
2565,-1.13017e+11,-2.14624e+12
2566,-1.14283e+11,-2.17028e+12
2567,-1.15563e+11,-2.19458e+12
2568,-1.16857e+11,-2.21915e+12
2569,-1.18165e+11,-2.244e+12
2570,-1.19489e+11,-2.26913e+12
2571,-1.20827e+11,-2.29454e+12
2572,-1.2218e+11,-2.32024e+12
2573,-1.23548e+11,-2.34622e+12
2574,-1.24931e+11,-2.3725e+12
2575,-1.2633e+11,-2.39906e+12
2576,-1.27745e+11,-2.42593e+12
2577,-1.29176e+11,-2.45309e+12
2578,-1.30622e+11,-2.48056e+12
2579,-1.32085e+11,-2.50834e+12
2580,-1.33564e+11,-2.53643e+12
2581,-1.3506e+11,-2.56484e+12
2582,-1.36572e+11,-2.59356e+12
2583,-1.38101e+11,-2.6226e+12
2584,-1.39648e+11,-2.65197e+12
2585,-1.41212e+11,-2.68167e+12
2586,-1.42793e+11,-2.7117e+12
2587,-1.44392e+11,-2.74206e+12
2588,-1.46009e+11,-2.77277e+12
2589,-1.47644e+11,-2.80382e+12
2590,-1.49297e+11,-2.83522e+12
2591,-1.50969e+11,-2.86697e+12
2592,-1.5266e+11,-2.89907e+12
2593,-1.54369e+11,-2.93154e+12
2594,-1.56098e+11,-2.96436e+12
2595,-1.57846e+11,-2.99756e+12
2596,-1.59614e+11,-3.03113e+12
2597,-1.61401e+11,-3.06507e+12
2598,-1.63209e+11,-3.09939e+12
2599,-1.65036e+11,-3.1341e+12
2600,-1.66884e+11,-3.1692e+12
2601,-1.68753e+11,-3.20469e+12
2602,-1.70643e+11,-3.24058e+12
2603,-1.72554e+11,-3.27686e+12
2604,-1.74486e+11,-3.31356e+12
2605,-1.7644e+11,-3.35067e+12
2606,-1.78416e+11,-3.38819e+12
2607,-1.80414e+11,-3.42613e+12
2608,-1.82434e+11,-3.4645e+12
2609,-1.84477e+11,-3.50329e+12
2610,-1.86543e+11,-3.54252e+12
2611,-1.88632e+11,-3.58219e+12
2612,-1.90744e+11,-3.62231e+12
2613,-1.9288e+11,-3.66287e+12
2614,-1.9504e+11,-3.70389e+12
2615,-1.97224e+11,-3.74536e+12
2616,-1.99433e+11,-3.78731e+12
2617,-2.01666e+11,-3.82972e+12
2618,-2.03924e+11,-3.8726e+12
2619,-2.06208e+11,-3.91597e+12
2620,-2.08517e+11,-3.95982e+12
2621,-2.10852e+11,-4.00417e+12
2622,-2.13213e+11,-4.04901e+12
2623,-2.15601e+11,-4.09435e+12
2624,-2.18015e+11,-4.1402e+12
2625,-2.20457e+11,-4.18656e+12
2626,-2.22925e+11,-4.23344e+12
2627,-2.25422e+11,-4.28085e+12
2628,-2.27946e+11,-4.32879e+12
2629,-2.30499e+11,-4.37726e+12
2630,-2.3308e+11,-4.42628e+12
2631,-2.3569e+11,-4.47585e+12
2632,-2.38329e+11,-4.52597e+12
2633,-2.40998e+11,-4.57665e+12
2634,-2.43697e+11,-4.6279e+12
2635,-2.46426e+11,-4.67973e+12
2636,-2.49186e+11,-4.73213e+12
2637,-2.51976e+11,-4.78512e+12
2638,-2.54798e+11,-4.83871e+12
2639,-2.57651e+11,-4.89289e+12
2640,-2.60536e+11,-4.94768e+12
2641,-2.63454e+11,-5.00309e+12
2642,-2.66404e+11,-5.05911e+12
2643,-2.69387e+11,-5.11577e+12
2644,-2.72404e+11,-5.17306e+12
2645,-2.75454e+11,-5.23099e+12
2646,-2.78539e+11,-5.28956e+12
2647,-2.81658e+11,-5.3488e+12
2648,-2.84812e+11,-5.40869e+12
2649,-2.88002e+11,-5.46926e+12
2650,-2.91227e+11,-5.53051e+12
2651,-2.94488e+11,-5.59244e+12
2652,-2.97786e+11,-5.65507e+12
2653,-3.0112e+11,-5.71839e+12
2654,-3.04492e+11,-5.78243e+12
2655,-3.07902e+11,-5.84718e+12
2656,-3.1135e+11,-5.91266e+12
2657,-3.14837e+11,-5.97887e+12
2658,-3.18362e+11,-6.04582e+12
2659,-3.21927e+11,-6.11353e+12
2660,-3.25532e+11,-6.18199e+12
2661,-3.29178e+11,-6.25122e+12
2662,-3.32864e+11,-6.32122e+12
2663,-3.36592e+11,-6.39201e+12
2664,-3.40361e+11,-6.46358e+12
2665,-3.44172e+11,-6.53597e+12
2666,-3.48026e+11,-6.60916e+12
2667,-3.51924e+11,-6.68317e+12
2668,-3.55865e+11,-6.75801e+12
2669,-3.5985e+11,-6.83369e+12
2670,-3.63879e+11,-6.91021e+12
2671,-3.67954e+11,-6.98759e+12
2672,-3.72075e+11,-7.06584e+12
2673,-3.76241e+11,-7.14497e+12
2674,-3.80454e+11,-7.22498e+12
2675,-3.84715e+11,-7.30589e+12
2676,-3.89023e+11,-7.3877e+12
2677,-3.93379e+11,-7.47043e+12
2678,-3.97785e+11,-7.55408e+12
2679,-4.02239e+11,-7.63868e+12
2680,-4.06743e+11,-7.72422e+12
2681,-4.11298e+11,-7.81071e+12
2682,-4.15904e+11,-7.89818e+12
2683,-4.20561e+11,-7.98663e+12
2684,-4.25271e+11,-8.07606e+12
2685,-4.30033e+11,-8.1665e+12
2686,-4.34849e+11,-8.25795e+12
2687,-4.39718e+11,-8.35043e+12
2688,-4.44643e+11,-8.44394e+12
2689,-4.49622e+11,-8.53849e+12
2690,-4.54657e+11,-8.63411e+12
2691,-4.59748e+11,-8.7308e+12
2692,-4.64896e+11,-8.82857e+12
2693,-4.70103e+11,-8.92743e+12
2694,-4.75367e+11,-9.0274e+12
2695,-4.8069e+11,-9.12849e+12
2696,-4.86073e+11,-9.23072e+12
2697,-4.91516e+11,-9.33408e+12
2698,-4.9702e+11,-9.43861e+12
2699,-5.02586e+11,-9.54431e+12
2700,-5.08214e+11,-9.65118e+12
2701,-5.13905e+11,-9.75926e+12
2702,-5.1966e+11,-9.86855e+12
2703,-5.25479e+11,-9.97906e+12
2704,-5.31364e+11,-1.00908e+13
2705,-5.37314e+11,-1.02038e+13
2706,-5.43331e+11,-1.03181e+13
2707,-5.49416e+11,-1.04336e+13
2708,-5.55568e+11,-1.05505e+13
2709,-5.61789e+11,-1.06686e+13
2710,-5.6808e+11,-1.07881e+13
2711,-5.74442e+11,-1.09089e+13
2712,-5.80875e+11,-1.1031e+13
2713,-5.8738e+11,-1.11546e+13
2714,-5.93957e+11,-1.12795e+13
2715,-6.00608e+11,-1.14058e+13
2716,-6.07334e+11,-1.15335e+13
2717,-6.14135e+11,-1.16627e+13
2718,-6.21013e+11,-1.17933e+13
2719,-6.27967e+11,-1.19253e+13
2720,-6.34999e+11,-1.20589e+13
2721,-6.4211e+11,-1.21939e+13
2722,-6.493e+11,-1.23305e+13
2723,-6.56571e+11,-1.24685e+13
2724,-6.63924e+11,-1.26082e+13
2725,-6.71359e+11,-1.27494e+13
2726,-6.78877e+11,-1.28921e+13
2727,-6.86479e+11,-1.30365e+13
2728,-6.94166e+11,-1.31825e+13
2729,-7.0194e+11,-1.33301e+13
2730,-7.098e+11,-1.34794e+13
2731,-7.17749e+11,-1.36303e+13
2732,-7.25786e+11,-1.3783e+13
2733,-7.33914e+11,-1.39373e+13
2734,-7.42132e+11,-1.40934e+13
2735,-7.50443e+11,-1.42512e+13
2736,-7.58847e+11,-1.44108e+13
2737,-7.67344e+11,-1.45722e+13
2738,-7.75937e+11,-1.47354e+13
2739,-7.84626e+11,-1.49004e+13
2740,-7.93413e+11,-1.50672e+13
2741,-8.02298e+11,-1.52359e+13
2742,-8.11282e+11,-1.54066e+13
2743,-8.20367e+11,-1.55791e+13
2744,-8.29554e+11,-1.57535e+13
2745,-8.38843e+11,-1.593e+13
2746,-8.48237e+11,-1.61083e+13
2747,-8.57735e+11,-1.62887e+13
2748,-8.67341e+11,-1.64711e+13
2749,-8.77053e+11,-1.66556e+13
2750,-8.86875e+11,-1.68421e+13
2751,-8.96806e+11,-1.70307e+13
2752,-9.06849e+11,-1.72214e+13
2753,-9.17004e+11,-1.74143e+13
2754,-9.27273e+11,-1.76093e+13
2755,-9.37657e+11,-1.78065e+13
2756,-9.48157e+11,-1.80059e+13
2757,-9.58775e+11,-1.82075e+13
2758,-9.69511e+11,-1.84114e+13
2759,-9.80368e+11,-1.86176e+13
2760,-9.91346e+11,-1.88261e+13
2761,-1.00245e+12,-1.90369e+13
2762,-1.01367e+12,-1.92501e+13
2763,-1.02502e+12,-1.94656e+13
2764,-1.0365e+12,-1.96836e+13
2765,-1.04811e+12,-1.9904e+13
2766,-1.05985e+12,-2.01269e+13
2767,-1.07172e+12,-2.03523e+13
2768,-1.08372e+12,-2.05802e+13
2769,-1.09585e+12,-2.08107e+13
2770,-1.10812e+12,-2.10437e+13
2771,-1.12053e+12,-2.12794e+13
2772,-1.13308e+12,-2.15177e+13
2773,-1.14577e+12,-2.17586e+13
2774,-1.1586e+12,-2.20023e+13
2775,-1.17158e+12,-2.22487e+13
2776,-1.18469e+12,-2.24978e+13
2777,-1.19796e+12,-2.27498e+13
2778,-1.21138e+12,-2.30045e+13
2779,-1.22494e+12,-2.32621e+13
2780,-1.23866e+12,-2.35226e+13
2781,-1.25253e+12,-2.3786e+13
2782,-1.26656e+12,-2.40524e+13
2783,-1.28074e+12,-2.43217e+13
2784,-1.29508e+12,-2.45941e+13
2785,-1.30958e+12,-2.48695e+13
2786,-1.32425e+12,-2.5148e+13
2787,-1.33908e+12,-2.54296e+13
2788,-1.35407e+12,-2.57144e+13
2789,-1.36924e+12,-2.60023e+13
2790,-1.38457e+12,-2.62935e+13
2791,-1.40007e+12,-2.6588e+13
2792,-1.41575e+12,-2.68857e+13
2793,-1.43161e+12,-2.71868e+13
2794,-1.44764e+12,-2.74912e+13
2795,-1.46385e+12,-2.77991e+13
2796,-1.48024e+12,-2.81104e+13
2797,-1.49682e+12,-2.84252e+13
2798,-1.51358e+12,-2.87435e+13
2799,-1.53053e+12,-2.90653e+13
2800,-1.54767e+12,-2.93908e+13
2801,-1.565e+12,-2.972e+13
2802,-1.58252e+12,-3.00528e+13
2803,-1.60025e+12,-3.03893e+13
2804,-1.61817e+12,-3.07296e+13
2805,-1.63629e+12,-3.10737e+13
2806,-1.65461e+12,-3.14217e+13
2807,-1.67314e+12,-3.17736e+13
2808,-1.69188e+12,-3.21294e+13
2809,-1.71082e+12,-3.24892e+13
2810,-1.72998e+12,-3.2853e+13
2811,-1.74935e+12,-3.32209e+13
2812,-1.76894e+12,-3.35929e+13
2813,-1.78875e+12,-3.39691e+13
2814,-1.80878e+12,-3.43495e+13
2815,-1.82904e+12,-3.47341e+13
2816,-1.84952e+12,-3.51231e+13
2817,-1.87023e+12,-3.55164e+13
2818,-1.89117e+12,-3.59141e+13
2819,-1.91235e+12,-3.63163e+13
2820,-1.93377e+12,-3.6723e+13
